model_name,cross_val_score,Accuracy,Precision,Recall,F1_score,auc,kappa,mathew_coef,model_runtime,dataset,subject
STD_Scaler => SVM,0.739,0.6896551724137931,0.7186932849364791,0.6896551724137931,0.6821316614420062,0.6952380952380952,0.38588235294117645,0.4105134629438423,0:00:00.041579,BCICIV_II,A04T
Wavelet -> Time Domain Features => LDA,0.712,0.6,0.601010101010101,0.6,0.5989974937343359,0.6,0.19999999999999996,0.20100756305184242,0:00:00.420812,BCICIV_I,BCICIV_calib_ds1a
bandpass -> PSD => SVM,0.688,0.725,0.7301790281329923,0.725,0.7234443746071653,0.7250000000000001,0.44999999999999996,0.4551495636817563,0:00:00.084853,BCICIV_I,BCICIV_calib_ds1e
Wavelet -> Time Domain Features => SVM,0.688,0.675,0.6790281329923274,0.675,0.6731615336266499,0.675,0.35,0.35400521619692155,0:00:00.108586,BCICIV_I,BCICIV_calib_ds1a
bandpass -> PSD => SVM,0.681,0.55,0.5505050505050505,0.55,0.5488721804511277,0.55,0.09999999999999998,0.10050378152592121,0:00:00.097866,BCICIV_I,BCICIV_calib_ds1g
bandpass -> PSD => SVM,0.675,0.6,0.601010101010101,0.6,0.5989974937343359,0.6,0.19999999999999996,0.20100756305184242,0:00:00.082227,BCICIV_I,BCICIV_calib_ds1f
bandpass -> PSD => SVM,0.669,0.525,0.5266666666666666,0.525,0.5174603174603176,0.5249999999999999,0.050000000000000044,0.051639777949432225,0:00:00.076665,BCICIV_I,BCICIV_calib_ds1a
STD_Scaler => LDA,0.643,0.7586206896551724,0.795825771324864,0.7586206896551724,0.7527690700104492,0.7642857142857143,0.5223529411764706,0.5556950534971523,0:00:05.678576,BCICIV_II,A04T
 => KNN,0.635,0.5862068965517241,0.5973528387321492,0.5862068965517241,0.5802387267904511,0.5904761904761905,0.17924528301886788,0.1863551306732249,0:00:00.048376,BCICIV_II,A04T
PSD -> Time Domain Features -> STD_Scaler => LDA,0.631,0.55,0.55,0.55,0.55,0.55,0.09999999999999998,0.1,0:00:00.428646,BCICIV_I,BCICIV_calib_ds1a
Wavelet -> Time Domain Features => LDA,0.631,0.525,0.5255754475703325,0.525,0.5223130106851037,0.525,0.050000000000000044,0.05057217374241736,0:00:00.449038,BCICIV_I,BCICIV_calib_ds1g
 => LDA,0.626,0.7586206896551724,0.7718052738336714,0.7586206896551724,0.7568903720182919,0.7619047619047619,0.520094562647754,0.531456782681411,0:00:05.771551,BCICIV_II,A04T
Wavelet => LDA,0.625,0.6,0.601010101010101,0.6,0.5989974937343359,0.6000000000000001,0.19999999999999996,0.20100756305184242,0:00:03.197902,BCICIV_I,BCICIV_calib_ds1a
Wavelet => LDA,0.625,0.6,0.601010101010101,0.6,0.5989974937343359,0.6000000000000001,0.19999999999999996,0.20100756305184242,0:00:03.197902,BCICIV_I,BCICIV_calib_ds1a
PSD -> Time Domain Features -> STD_Scaler => LDA,0.625,0.55,0.55,0.55,0.55,0.55,0.09999999999999998,0.1,0:00:00.459842,BCICIV_I,BCICIV_calib_ds1f
 => SVM,0.625,0.475,0.474937343358396,0.475,0.474671669793621,0.475,-0.050000000000000044,-0.05006261743217589,0:00:00.134809,BCICIV_I,BCICIV_calib_ds1b
Wavelet -> Time Domain Features => SVM,0.619,0.6,0.6,0.6,0.6,0.6,0.19999999999999996,0.2,0:00:00.496207,BCICIV_I,BCICIV_calib_ds1g
Wavelet => KNN,0.617,0.6896551724137931,0.6912972085385879,0.6896551724137931,0.6896551724137931,0.6904761904761905,0.3800475059382423,0.38095238095238093,0:00:00.009226,BCICIV_II,A04T
Wavelet => KNN,0.617,0.6896551724137931,0.6912972085385879,0.6896551724137931,0.6896551724137931,0.6904761904761905,0.3800475059382423,0.38095238095238093,0:00:00.009226,BCICIV_II,A04T
bandpass -> PSD => SVM,0.612,0.625,0.6253132832080202,0.625,0.6247654784240151,0.625,0.25,0.25031308716087947,0:00:00.085987,BCICIV_I,BCICIV_calib_ds1b
Wavelet => LDA,0.609,0.6896551724137931,0.7186932849364791,0.6896551724137931,0.6821316614420062,0.6952380952380952,0.38588235294117645,0.4105134629438423,0:00:00.554126,BCICIV_II,A04T
Wavelet => LDA,0.609,0.6896551724137931,0.7186932849364791,0.6896551724137931,0.6821316614420062,0.6952380952380952,0.38588235294117645,0.4105134629438423,0:00:00.554126,BCICIV_II,A04T
 => LDA,0.606,0.575,0.5767263427109974,0.575,0.572595851665619,0.5750000000000001,0.15000000000000002,0.1517165212272521,0:00:50.513516,BCICIV_I,BCICIV_calib_ds1a
bandpass -> PSD => LDA,0.606,0.5,0.5,0.5,0.494949494949495,0.5,0.0,0.0,0:00:12.032986,BCICIV_I,BCICIV_calib_ds1g
Wavelet -> Time Domain Features => LDA,0.6,0.525,0.5266666666666666,0.525,0.5174603174603176,0.5249999999999999,0.050000000000000044,0.051639777949432225,0:00:00.454831,BCICIV_I,BCICIV_calib_ds1f
bandpass -> PSD => KNN,0.594,0.45,0.4494949494949495,0.45,0.44862155388471175,0.44999999999999996,-0.10000000000000009,-0.10050378152592121,0:00:00.055867,BCICIV_I,BCICIV_calib_ds1g
STD_Scaler => KNN,0.591,0.6551724137931034,0.6919540229885057,0.6551724137931034,0.6424949290060852,0.661904761904762,0.31924882629107987,0.349754259914075,0:00:00.027383,BCICIV_II,A04T
bandpass -> PSD => KNN,0.588,0.625,0.6333333333333333,0.625,0.619047619047619,0.625,0.25,0.25819888974716115,0:00:00.048708,BCICIV_I,BCICIV_calib_ds1a
bandpass -> PSD => LDA,0.588,0.575,0.5767263427109974,0.575,0.572595851665619,0.5750000000000001,0.15000000000000002,0.1517165212272521,0:00:11.009733,BCICIV_I,BCICIV_calib_ds1a
Wavelet => SVM,0.588,0.575,0.5767263427109974,0.575,0.572595851665619,0.575,0.15000000000000002,0.1517165212272521,0:00:00.056660,BCICIV_I,BCICIV_calib_ds1b
Wavelet => SVM,0.588,0.575,0.5767263427109974,0.575,0.572595851665619,0.575,0.15000000000000002,0.1517165212272521,0:00:00.056660,BCICIV_I,BCICIV_calib_ds1b
bandpass -> PSD => KNN,0.583,0.41379310344827586,0.4147783251231527,0.41379310344827586,0.4137931034482759,0.41428571428571426,-0.17102137767220893,-0.17142857142857143,0:00:00.019596,BCICIV_II,A04T
bandpass -> PSD => SVM,0.581,0.7,0.702020202020202,0.7,0.6992481203007519,0.7,0.4,0.40201512610368484,0:00:00.086479,BCICIV_I,BCICIV_calib_ds1c
STD_Scaler => LDA,0.581,0.575,0.5800000000000001,0.575,0.5682539682539682,0.575,0.15000000000000002,0.15491933384829668,0:00:48.681468,BCICIV_I,BCICIV_calib_ds1a
PSD -> Time Domain Features -> STD_Scaler => SVM,0.581,0.45,0.44791666666666663,0.45,0.4444444444444445,0.45000000000000007,-0.10000000000000009,-0.10206207261596575,0:00:00.023305,BCICIV_I,BCICIV_calib_ds1f
Wavelet -> Time Domain Features => SVM,0.581,0.45,0.4450549450549451,0.45,0.4373401534526854,0.45,-0.10000000000000009,-0.10482848367219183,0:00:00.713958,BCICIV_I,BCICIV_calib_ds1f
Wavelet -> Time Domain Features => KNN,0.575,0.675,0.6790281329923274,0.675,0.6731615336266499,0.675,0.35,0.35400521619692155,0:00:00.008212,BCICIV_I,BCICIV_calib_ds1a
PSD -> Time Domain Features -> STD_Scaler => KNN,0.575,0.65,0.65,0.65,0.65,0.65,0.30000000000000004,0.3,0:00:00.008884,BCICIV_I,BCICIV_calib_ds1f
bandpass -> PSD => SVM,0.562,0.6464285714285715,0.6491761526066844,0.6464285714285715,0.644792988121324,0.6464285714285715,0.2928571428571428,0.2955919546767628,0:00:07.523281,BCICIV_I,all
PSD -> Time Domain Features -> STD_Scaler => SVM,0.562,0.6,0.6,0.6,0.6,0.6,0.19999999999999996,0.2,0:00:00.020215,BCICIV_I,BCICIV_calib_ds1b
STD_Scaler => KNN,0.562,0.55,0.5505050505050505,0.55,0.5488721804511277,0.55,0.09999999999999998,0.10050378152592121,0:00:00.116311,BCICIV_I,BCICIV_calib_ds1a
PSD -> Time Domain Features -> STD_Scaler => SVM,0.562,0.55,0.5505050505050505,0.55,0.5488721804511277,0.5499999999999999,0.09999999999999998,0.10050378152592121,0:00:00.021544,BCICIV_I,BCICIV_calib_ds1a
STD_Scaler => KNN,0.562,0.55,0.554945054945055,0.55,0.5396419437340153,0.55,0.09999999999999998,0.10482848367219183,0:00:00.114106,BCICIV_I,BCICIV_calib_ds1g
Wavelet -> Time Domain Features => KNN,0.562,0.525,0.5284900284900285,0.525,0.5099935525467441,0.5249999999999999,0.050000000000000044,0.05337605126836238,0:00:00.010230,BCICIV_I,BCICIV_calib_ds1f
 => LDA,0.562,0.5,0.5,0.5,0.48849104859335035,0.5,0.0,0.0,0:00:48.958681,BCICIV_I,BCICIV_calib_ds1b
PSD -> Time Domain Features -> STD_Scaler => SVM,0.562,0.475,0.47333333333333333,0.475,0.4666666666666666,0.47500000000000003,-0.050000000000000044,-0.051639777949432225,0:00:00.016691,BCICIV_I,BCICIV_calib_ds1d
Wavelet -> Time Domain Features => KNN,0.562,0.425,0.42000000000000004,0.425,0.4158730158730159,0.42500000000000004,-0.1499999999999999,-0.15491933384829668,0:00:00.008849,BCICIV_I,BCICIV_calib_ds1b
STD_Scaler => SVM,0.557,0.5689655172413793,0.5668103448275862,0.5689655172413793,0.5657026325546904,0.4782945736434108,0.4255150554675119,0.42669929244686666,0:00:00.162112,BCICIV_II,A05T
STD_Scaler => SVM,0.556,0.725,0.7255639097744361,0.725,0.7248280175109443,0.725,0.44999999999999996,0.450563556889583,0:00:00.160363,BCICIV_I,BCICIV_calib_ds1a
Wavelet => SVM,0.556,0.625,0.6278772378516624,0.625,0.6228786926461345,0.625,0.25,0.25286086871208685,0:00:00.054099,BCICIV_I,BCICIV_calib_ds1a
Wavelet => SVM,0.556,0.625,0.6278772378516624,0.625,0.6228786926461345,0.625,0.25,0.25286086871208685,0:00:00.054099,BCICIV_I,BCICIV_calib_ds1a
PSD -> Time Domain Features -> STD_Scaler => KNN,0.556,0.6,0.601010101010101,0.6,0.5989974937343359,0.6,0.19999999999999996,0.20100756305184242,0:00:00.008082,BCICIV_I,BCICIV_calib_ds1a
Wavelet -> Time Domain Features => LDA,0.556,0.55,0.5520833333333333,0.55,0.5454545454545454,0.55,0.09999999999999998,0.10206207261596575,0:00:00.433403,BCICIV_I,BCICIV_calib_ds1b
bandpass -> PSD => KNN,0.556,0.525,0.5255754475703325,0.525,0.5223130106851037,0.525,0.050000000000000044,0.05057217374241736,0:00:00.053170,BCICIV_I,BCICIV_calib_ds1e
Wavelet => LDA,0.556,0.5,0.5,0.5,0.5,0.5,0.0,0.0,0:00:03.201841,BCICIV_I,BCICIV_calib_ds1b
Wavelet => LDA,0.556,0.5,0.5,0.5,0.5,0.5,0.0,0.0,0:00:03.201841,BCICIV_I,BCICIV_calib_ds1b
bandpass -> PSD => LDA,0.556,0.425,0.42000000000000004,0.425,0.4158730158730159,0.42500000000000004,-0.1499999999999999,-0.15491933384829668,0:00:12.028687,BCICIV_I,BCICIV_calib_ds1e
 => SVM,0.55,0.625,0.6278772378516624,0.625,0.6228786926461345,0.625,0.25,0.25286086871208685,0:00:00.149869,BCICIV_I,BCICIV_calib_ds1a
bandpass -> PSD => KNN,0.55,0.6,0.6333333333333333,0.6,0.5733333333333335,0.6,0.19999999999999996,0.23094010767585033,0:00:00.052664,BCICIV_I,BCICIV_calib_ds1f
Wavelet => LDA,0.55,0.45,0.4494949494949495,0.45,0.44862155388471175,0.44999999999999996,-0.10000000000000009,-0.10050378152592121,0:00:03.333638,BCICIV_I,BCICIV_calib_ds1d
Wavelet => LDA,0.55,0.45,0.4494949494949495,0.45,0.44862155388471175,0.44999999999999996,-0.10000000000000009,-0.10050378152592121,0:00:03.333638,BCICIV_I,BCICIV_calib_ds1d
STD_Scaler => LDA,0.544,0.65,0.6648351648351649,0.65,0.6419437340153452,0.65,0.30000000000000004,0.3144854510165755,0:00:48.383969,BCICIV_I,BCICIV_calib_ds1b
Wavelet -> Time Domain Features => KNN,0.544,0.525,0.5255754475703325,0.525,0.5223130106851037,0.525,0.050000000000000044,0.05057217374241736,0:00:00.007975,BCICIV_I,BCICIV_calib_ds1c
bandpass -> PSD => KNN,0.544,0.5,0.5,0.5,0.4987468671679198,0.5,0.0,0.0,0:00:00.059986,BCICIV_I,BCICIV_calib_ds1b
STD_Scaler => LDA,0.544,0.475,0.47442455242966747,0.475,0.47203016970458833,0.47500000000000003,-0.050000000000000044,-0.05057217374241736,0:00:49.204021,BCICIV_I,BCICIV_calib_ds1d
Wavelet -> Time Domain Features => KNN,0.544,0.45,0.45,0.45,0.45,0.45,-0.10000000000000009,-0.1,0:00:00.014960,BCICIV_I,BCICIV_calib_ds1g
Wavelet -> Time Domain Features => LDA,0.541,0.5678571428571428,0.5684473264371365,0.5678571428571428,0.5669235980621492,0.5678571428571428,0.13571428571428568,0.1363031915728207,0:00:02.265921,BCICIV_I,all
PSD -> Time Domain Features -> STD_Scaler => SVM,0.539,0.525,0.5259657675798844,0.525,0.5205417723474657,0.525,0.050000000000000044,0.050956616429944084,0:00:00.678159,BCICIV_I,all
STD_Scaler => SVM,0.538,0.525,0.5266666666666666,0.525,0.5174603174603176,0.525,0.050000000000000044,0.051639777949432225,0:00:00.129610,BCICIV_I,BCICIV_calib_ds1b
bandpass -> PSD => KNN,0.538,0.5,0.5,0.5,0.48849104859335035,0.5,0.0,0.0,0:00:00.049695,BCICIV_I,BCICIV_calib_ds1c
 => LDA,0.538,0.375,0.37468671679197996,0.375,0.37460913070669166,0.375,-0.25,-0.25031308716087947,0:00:48.417030,BCICIV_I,BCICIV_calib_ds1d
PSD -> Time Domain Features -> STD_Scaler => XGB,0.535,0.4722222222222222,0.4801587301587301,0.4722222222222222,0.4644625603864735,0.4670781893004115,0.2962962962962963,0.3022636463752416,0:00:01.159585,eeg-mi,S004
bandpass -> PSD => KNN,0.534,0.5321428571428571,0.532623893117912,0.5321428571428571,0.5304118498034848,0.5321428571428571,0.06428571428571428,0.0647649638595711,0:00:00.269727,BCICIV_I,all
 => LDA,0.531,0.55,0.5505050505050505,0.55,0.5488721804511277,0.5499999999999999,0.09999999999999998,0.10050378152592121,0:00:55.615258,BCICIV_I,BCICIV_calib_ds1g
PSD -> Time Domain Features -> STD_Scaler => SVM,0.53,0.6206896551724138,0.6415607985480943,0.6206896551724138,0.6114942528735633,0.6261904761904763,0.24941176470588233,0.2653318723905322,0:00:00.016191,BCICIV_II,A04T
bandpass -> PSD => SVM,0.53,0.4827586206896552,0.23305588585017836,0.4827586206896552,0.3143544506816359,0.5,0.0,0.0,0:00:00.034264,BCICIV_II,A04T
 => LDA,0.526,0.5689655172413793,0.6246701947566686,0.5689655172413793,0.579375694960512,0.42015503875968996,0.42437475188566887,0.42970250443999986,0:00:08.551655,BCICIV_II,A05T
STD_Scaler => LDA,0.525,0.55,0.5505050505050505,0.55,0.5488721804511277,0.5499999999999999,0.09999999999999998,0.10050378152592121,0:00:54.432034,BCICIV_I,BCICIV_calib_ds1g
STD_Scaler => KNN,0.525,0.45,0.45,0.45,0.45,0.45,-0.10000000000000009,-0.1,0:00:00.087664,BCICIV_I,BCICIV_calib_ds1c
PSD -> Time Domain Features -> STD_Scaler => LDA,0.524,0.5107142857142857,0.5108074725953373,0.5107142857142857,0.5096572969794583,0.5107142857142858,0.021428571428571463,0.021521556564129584,0:00:02.238357,BCICIV_I,all
STD_Scaler => SVM,0.524,0.4928571428571429,0.4928571428571429,0.4928571428571429,0.4928571428571429,0.4928571428571429,-0.014285714285714235,-0.014285714285714285,0:00:01.365246,BCICIV_I,all
Wavelet => LDA,0.522,0.5862068965517241,0.621264367816092,0.5862068965517241,0.5878669487468536,0.4224806201550388,0.4469606674612635,0.4525816476183367,0:00:01.165579,BCICIV_II,A05T
Wavelet => LDA,0.522,0.5862068965517241,0.621264367816092,0.5862068965517241,0.5878669487468536,0.4224806201550388,0.4469606674612635,0.4525816476183367,0:00:01.165579,BCICIV_II,A05T
 => SVM,0.522,0.4827586206896552,0.23305588585017836,0.4827586206896552,0.3143544506816359,0.5,0.0,0.0,0:00:00.049793,BCICIV_II,A04T
STD_Scaler => SVM,0.519,0.625,0.6278772378516624,0.625,0.6228786926461345,0.625,0.25,0.25286086871208685,0:00:00.135826,BCICIV_I,BCICIV_calib_ds1g
PSD -> Time Domain Features -> STD_Scaler => SVM,0.519,0.475,0.474937343358396,0.475,0.474671669793621,0.475,-0.050000000000000044,-0.05006261743217589,0:00:00.022388,BCICIV_I,BCICIV_calib_ds1e
 => KNN,0.519,0.4714285714285714,0.47142273933455814,0.4714285714285714,0.47140160212255733,0.4714285714285715,-0.05714285714285716,-0.057148688939284306,0:00:00.600623,BCICIV_I,all
bandpass -> PSD => LDA,0.517,0.5714285714285714,0.5714431516636048,0.5714285714285714,0.5714067044236951,0.5714285714285714,0.1428571428571429,0.14287172234821077,0:00:26.132576,BCICIV_I,all
STD_Scaler => LDA,0.516,0.5464285714285714,0.5464878671775223,0.5464285714285714,0.5462838915470495,0.5464285714285714,0.09285714285714286,0.09291641968594223,0:01:34.953178,BCICIV_I,all
Wavelet -> Time Domain Features => SVM,0.516,0.5142857142857142,0.516014641958362,0.5142857142857142,0.5008127523464947,0.5142857142857143,0.02857142857142858,0.030250990027116165,0:23:03.095296,BCICIV_I,all
Wavelet => SVM,0.513,0.5,0.5,0.5,0.4998979383547663,0.5,0.0,0.0,0:00:03.199093,BCICIV_I,all
Wavelet => SVM,0.513,0.5,0.5,0.5,0.4998979383547663,0.5,0.0,0.0,0:00:03.199093,BCICIV_I,all
STD_Scaler => SVM,0.513,0.3620689655172414,0.3732109675314544,0.3620689655172414,0.3631354740920925,0.5519379844961241,0.15110759493670878,0.15225393693012362,0:00:00.127187,BCICIV_II,A02T
STD_Scaler => SVM,0.513,0.3620689655172414,0.3732109675314544,0.3620689655172414,0.3631354740920925,0.5519379844961241,0.15110759493670878,0.15225393693012362,0:00:00.155629,BCICIV_II,A02T
Wavelet => SVM,0.513,0.4827586206896552,0.23305588585017836,0.4827586206896552,0.3143544506816359,0.5,0.0,0.0,0:00:00.017884,BCICIV_II,A04T
Wavelet => SVM,0.513,0.4827586206896552,0.23305588585017836,0.4827586206896552,0.3143544506816359,0.5,0.0,0.0,0:00:00.017884,BCICIV_II,A04T
 => KNN,0.512,0.625,0.6278772378516624,0.625,0.6228786926461345,0.625,0.25,0.25286086871208685,0:00:00.093597,BCICIV_I,BCICIV_calib_ds1g
PSD -> Time Domain Features -> STD_Scaler => LDA,0.512,0.6,0.601010101010101,0.6,0.5989974937343359,0.6000000000000001,0.19999999999999996,0.20100756305184242,0:00:00.437421,BCICIV_I,BCICIV_calib_ds1g
STD_Scaler => KNN,0.512,0.55,0.5505050505050505,0.55,0.5488721804511277,0.55,0.09999999999999998,0.10050378152592121,0:00:00.098596,BCICIV_I,BCICIV_calib_ds1f
STD_Scaler => KNN,0.512,0.525,0.5251037450689072,0.525,0.5245087398970875,0.525,0.050000000000000044,0.05010363766125891,0:00:00.637483,BCICIV_I,all
bandpass -> PSD => SVM,0.512,0.525,0.5266666666666666,0.525,0.5174603174603176,0.525,0.050000000000000044,0.051639777949432225,0:00:00.079543,BCICIV_I,BCICIV_calib_ds1d
Wavelet => KNN,0.512,0.49642857142857144,0.4964137507044419,0.49642857142857144,0.49590776184578456,0.49642857142857144,-0.0071428571428571175,-0.007157662523036987,0:00:00.172939,BCICIV_I,all
Wavelet => KNN,0.512,0.49642857142857144,0.4964137507044419,0.49642857142857144,0.49590776184578456,0.49642857142857144,-0.0071428571428571175,-0.007157662523036987,0:00:00.172939,BCICIV_I,all
Wavelet -> Time Domain Features => SVM,0.512,0.475,0.474937343358396,0.475,0.474671669793621,0.475,-0.050000000000000044,-0.05006261743217589,0:00:00.153738,BCICIV_I,BCICIV_calib_ds1b
 => LDA,0.511,0.48928571428571427,0.48912536896069597,0.48928571428571427,0.4873961413885368,0.4892857142857143,-0.021428571428571352,-0.0215883212865237,0:01:41.152565,BCICIV_I,all
Wavelet => KNN,0.506,0.575,0.5767263427109974,0.575,0.572595851665619,0.5750000000000001,0.15000000000000002,0.1517165212272521,0:00:00.034857,BCICIV_I,BCICIV_calib_ds1d
Wavelet => KNN,0.506,0.575,0.5767263427109974,0.575,0.572595851665619,0.5750000000000001,0.15000000000000002,0.1517165212272521,0:00:00.034857,BCICIV_I,BCICIV_calib_ds1d
STD_Scaler => KNN,0.506,0.575,0.5800000000000001,0.575,0.5682539682539682,0.575,0.15000000000000002,0.15491933384829668,0:00:00.090649,BCICIV_I,BCICIV_calib_ds1b
 => LDA,0.506,0.55,0.5505050505050505,0.55,0.5488721804511277,0.5499999999999999,0.09999999999999998,0.10050378152592121,0:00:49.221770,BCICIV_I,BCICIV_calib_ds1c
Wavelet -> Time Domain Features => KNN,0.506,0.525,0.5255754475703325,0.525,0.5223130106851037,0.525,0.050000000000000044,0.05057217374241736,0:00:00.008901,BCICIV_I,BCICIV_calib_ds1d
Wavelet -> Time Domain Features => SVM,0.506,0.475,0.474937343358396,0.475,0.474671669793621,0.475,-0.050000000000000044,-0.05006261743217589,0:00:17.943815,BCICIV_I,BCICIV_calib_ds1c
bandpass -> PSD => LDA,0.506,0.475,0.47442455242966747,0.475,0.47203016970458833,0.47500000000000003,-0.050000000000000044,-0.05057217374241736,0:00:12.264653,BCICIV_I,BCICIV_calib_ds1f
STD_Scaler => KNN,0.506,0.45,0.44791666666666663,0.45,0.4444444444444445,0.45000000000000007,-0.10000000000000009,-0.10206207261596575,0:00:00.088369,BCICIV_I,BCICIV_calib_ds1d
PSD -> Time Domain Features -> STD_Scaler => KNN,0.506,0.425,0.4232736572890025,0.425,0.4217473287240729,0.42500000000000004,-0.1499999999999999,-0.1517165212272521,0:00:00.008502,BCICIV_I,BCICIV_calib_ds1g
Wavelet -> Time Domain Features => KNN,0.504,0.6206896551724138,0.6288032454361054,0.6206896551724138,0.6179705846001731,0.6238095238095237,0.2458628841607564,0.25123411544939434,0:00:00.009266,BCICIV_II,A04T
Wavelet -> Time Domain Features => KNN,0.503,0.49642857142857144,0.4964196204797708,0.49642857142857144,0.4961136424551058,0.49642857142857144,-0.0071428571428571175,-0.007151802490310841,0:00:00.038928,BCICIV_I,all
Wavelet => SVM,0.5,0.675,0.6754385964912281,0.675,0.6747967479674797,0.6749999999999999,0.35,0.35043832202523123,0:00:00.054926,BCICIV_I,BCICIV_calib_ds1g
Wavelet => SVM,0.5,0.675,0.6754385964912281,0.675,0.6747967479674797,0.6749999999999999,0.35,0.35043832202523123,0:00:00.054926,BCICIV_I,BCICIV_calib_ds1g
Wavelet => LDA,0.5,0.65,0.6515151515151515,0.65,0.6491228070175439,0.6499999999999999,0.30000000000000004,0.30151134457776363,0:00:03.406813,BCICIV_I,BCICIV_calib_ds1g
Wavelet => LDA,0.5,0.65,0.6515151515151515,0.65,0.6491228070175439,0.6499999999999999,0.30000000000000004,0.30151134457776363,0:00:03.406813,BCICIV_I,BCICIV_calib_ds1g
 => LDA,0.5,0.425,0.4232736572890025,0.425,0.4217473287240729,0.42500000000000004,-0.1499999999999999,-0.1517165212272521,0:00:50.202427,BCICIV_I,BCICIV_calib_ds1e
 => LDA,0.5,0.3448275862068966,0.3833594566353187,0.3448275862068966,0.35373968235662384,0.5031007751937984,0.1257437524791749,0.1278409150255421,0:00:08.385783,BCICIV_II,A09T
 => SVM,0.499,0.5035714285714286,0.5036129032258064,0.5035714285714286,0.5021426287176207,0.5035714285714286,0.0071428571428571175,0.007184212081070996,0:00:02.185760,BCICIV_I,all
Wavelet => LDA,0.498,0.5178571428571429,0.5180124543255623,0.5178571428571429,0.5168155846147946,0.5178571428571429,0.0357142857142857,0.035869260940215975,0:00:13.178751,BCICIV_I,all
Wavelet => LDA,0.498,0.5178571428571429,0.5180124543255623,0.5178571428571429,0.5168155846147946,0.5178571428571429,0.0357142857142857,0.035869260940215975,0:00:13.178751,BCICIV_I,all
Wavelet -> Time Domain Features => SVM,0.496,0.5172413793103449,0.5152129817444219,0.5172413793103449,0.513759946949602,0.5142857142857143,0.028708133971292016,0.028988551782622423,0:00:00.015292,BCICIV_II,A04T
PSD -> Time Domain Features -> STD_Scaler => LDA,0.496,0.5172413793103449,0.5235109717868338,0.5172413793103449,0.5102785145888594,0.5214285714285714,0.04245283018867918,0.044136741475237475,0:00:00.128440,BCICIV_II,A04T
PSD -> Time Domain Features -> STD_Scaler => KNN,0.496,0.4827586206896552,0.4839080459770115,0.4827586206896552,0.4827586206896552,0.4833333333333334,-0.03325415676959609,-0.03333333333333333,0:00:00.006956,BCICIV_II,A04T
PSD -> Time Domain Features -> STD_Scaler => SVM,0.494,0.425,0.424812030075188,0.425,0.42464040025015637,0.425,-0.1499999999999999,-0.15018785229652767,0:00:00.018454,BCICIV_I,BCICIV_calib_ds1c
Wavelet -> Time Domain Features => SVM,0.494,0.275,0.27443609022556387,0.275,0.27454659161976236,0.275,-0.44999999999999996,-0.450563556889583,0:00:46.437573,BCICIV_I,BCICIV_calib_ds1d
STD_Scaler => SVM,0.491,0.4827586206896552,0.48209549071618046,0.4827586206896552,0.48019987675160086,0.5736434108527132,0.3092497022628027,0.3101139222429067,0:00:00.160178,BCICIV_II,A09T
 => LDA,0.491,0.3275862068965517,0.3235802990113335,0.3275862068965517,0.31198809462263943,0.44961240310077516,0.10628210193599374,0.10884103663518839,0:00:08.218758,BCICIV_II,A02T
 => LDA,0.491,0.3275862068965517,0.3235802990113335,0.3275862068965517,0.31198809462263943,0.44961240310077516,0.10628210193599374,0.10884103663518839,0:00:08.535668,BCICIV_II,A02T
 => KNN,0.488,0.625,0.6253132832080202,0.625,0.6247654784240151,0.625,0.25,0.25031308716087947,0:00:00.091238,BCICIV_I,BCICIV_calib_ds1d
PSD -> Time Domain Features -> STD_Scaler => LDA,0.488,0.55,0.554945054945055,0.55,0.5396419437340153,0.5499999999999999,0.09999999999999998,0.10482848367219183,0:00:00.422993,BCICIV_I,BCICIV_calib_ds1d
bandpass -> PSD => LDA,0.488,0.475,0.474937343358396,0.475,0.474671669793621,0.475,-0.050000000000000044,-0.05006261743217589,0:00:11.742661,BCICIV_I,BCICIV_calib_ds1b
bandpass -> PSD => LDA,0.488,0.45,0.44791666666666663,0.45,0.4444444444444445,0.45,-0.10000000000000009,-0.10206207261596575,0:00:11.039664,BCICIV_I,BCICIV_calib_ds1d
 => SVM,0.488,0.425,0.424812030075188,0.425,0.42464040025015637,0.425,-0.1499999999999999,-0.15018785229652767,0:00:00.129012,BCICIV_I,BCICIV_calib_ds1d
bandpass -> PSD => KNN,0.488,0.375,0.36666666666666664,0.375,0.3650793650793651,0.375,-0.25,-0.25819888974716115,0:00:00.048436,BCICIV_I,BCICIV_calib_ds1d
STD_Scaler => SVM,0.487,0.43103448275862066,0.4526193780597539,0.43103448275862066,0.4246388461619719,0.4294573643410853,0.24228028503562937,0.24670841768405596,0:00:00.162081,BCICIV_II,A01T
STD_Scaler => SVM,0.487,0.43103448275862066,0.4526193780597539,0.43103448275862066,0.4246388461619719,0.4294573643410853,0.24228028503562937,0.24670841768405596,0:00:00.159918,BCICIV_II,A01T
STD_Scaler => LDA,0.487,0.3448275862068966,0.3545738517380985,0.3448275862068966,0.34335721749514847,0.5899224806201551,0.1285092922103599,0.13000503389237036,0:00:08.250240,BCICIV_II,A02T
STD_Scaler => LDA,0.487,0.3448275862068966,0.3545738517380985,0.3448275862068966,0.34335721749514847,0.5899224806201551,0.1285092922103599,0.13000503389237036,0:00:08.642941,BCICIV_II,A02T
Wavelet => LDA,0.487,0.3275862068965517,0.34195402298850575,0.3275862068965517,0.3253057962997111,0.5356589147286822,0.10380348652931859,0.10561700234186709,0:00:01.186267,BCICIV_II,A09T
Wavelet => LDA,0.487,0.3275862068965517,0.34195402298850575,0.3275862068965517,0.3253057962997111,0.5356589147286822,0.10380348652931859,0.10561700234186709,0:00:01.186267,BCICIV_II,A09T
STD_Scaler => LDA,0.483,0.5,0.5028183023872679,0.5,0.5000023541736557,0.49534883720930234,0.33333333333333337,0.33399565573729856,0:00:08.605225,BCICIV_II,A05T
PSD -> Time Domain Features -> STD_Scaler => KNN,0.483,0.4928571428571429,0.4928439991821713,0.4928571428571429,0.4926241641570108,0.4928571428571429,-0.014285714285714235,-0.014298851919775802,0:00:00.032954,BCICIV_I,all
 => KNN,0.481,0.675,0.6754385964912281,0.675,0.6747967479674797,0.6749999999999999,0.35,0.35043832202523123,0:00:00.120952,BCICIV_I,BCICIV_calib_ds1a
 => SVM,0.481,0.675,0.6754385964912281,0.675,0.6747967479674797,0.6749999999999999,0.35,0.35043832202523123,0:00:00.154781,BCICIV_I,BCICIV_calib_ds1g
STD_Scaler => SVM,0.481,0.575,0.5751879699248119,0.575,0.5747342088805503,0.5750000000000001,0.15000000000000002,0.15018785229652767,0:00:00.128133,BCICIV_I,BCICIV_calib_ds1d
Wavelet => KNN,0.481,0.575,0.5767263427109974,0.575,0.572595851665619,0.5750000000000001,0.15000000000000002,0.1517165212272521,0:00:00.030742,BCICIV_I,BCICIV_calib_ds1g
Wavelet => KNN,0.481,0.575,0.5767263427109974,0.575,0.572595851665619,0.5750000000000001,0.15000000000000002,0.1517165212272521,0:00:00.030742,BCICIV_I,BCICIV_calib_ds1g
 => KNN,0.481,0.525,0.525062656641604,0.525,0.5247029393370857,0.525,0.050000000000000044,0.05006261743217589,0:00:00.095574,BCICIV_I,BCICIV_calib_ds1b
Wavelet => KNN,0.481,0.525,0.525062656641604,0.525,0.5247029393370857,0.525,0.050000000000000044,0.05006261743217589,0:00:00.032310,BCICIV_I,BCICIV_calib_ds1b
Wavelet => KNN,0.481,0.525,0.525062656641604,0.525,0.5247029393370857,0.525,0.050000000000000044,0.05006261743217589,0:00:00.032310,BCICIV_I,BCICIV_calib_ds1b
Wavelet -> Time Domain Features => LDA,0.481,0.425,0.42000000000000004,0.425,0.4158730158730159,0.42500000000000004,-0.1499999999999999,-0.15491933384829668,0:00:00.427694,BCICIV_I,BCICIV_calib_ds1c
 => KNN,0.475,0.675,0.6866666666666668,0.675,0.6698412698412699,0.6750000000000002,0.35,0.3614784456460256,0:00:00.088410,BCICIV_I,BCICIV_calib_ds1e
Wavelet => KNN,0.475,0.675,0.6866666666666668,0.675,0.6698412698412699,0.6750000000000002,0.35,0.3614784456460256,0:00:00.037602,BCICIV_I,BCICIV_calib_ds1e
Wavelet => KNN,0.475,0.675,0.6866666666666668,0.675,0.6698412698412699,0.6750000000000002,0.35,0.3614784456460256,0:00:00.037602,BCICIV_I,BCICIV_calib_ds1e
Wavelet => KNN,0.475,0.575,0.5751879699248119,0.575,0.5747342088805503,0.575,0.15000000000000002,0.15018785229652767,0:00:00.028144,BCICIV_I,BCICIV_calib_ds1a
Wavelet => KNN,0.475,0.575,0.5751879699248119,0.575,0.5747342088805503,0.575,0.15000000000000002,0.15018785229652767,0:00:00.028144,BCICIV_I,BCICIV_calib_ds1a
Wavelet => SVM,0.475,0.575,0.5767263427109974,0.575,0.572595851665619,0.5750000000000001,0.15000000000000002,0.1517165212272521,0:00:00.048731,BCICIV_I,BCICIV_calib_ds1c
Wavelet => SVM,0.475,0.575,0.5767263427109974,0.575,0.572595851665619,0.5750000000000001,0.15000000000000002,0.1517165212272521,0:00:00.048731,BCICIV_I,BCICIV_calib_ds1c
PSD -> Time Domain Features -> STD_Scaler => LDA,0.475,0.525,0.5255754475703325,0.525,0.5223130106851037,0.525,0.050000000000000044,0.05057217374241736,0:00:00.449176,BCICIV_I,BCICIV_calib_ds1e
STD_Scaler => XGB,0.474,0.39655172413793105,0.41251767164546077,0.39655172413793105,0.3983664185277088,0.38604651162790693,0.19731119019375243,0.1992862992371243,0:00:08.726409,BCICIV_II,A02T
bandpass -> PSD => LDA,0.47,0.5172413793103449,0.5172413793103449,0.5172413793103449,0.5172413793103449,0.5166666666666666,0.033333333333333326,0.03333333333333333,0:00:01.428896,BCICIV_II,A04T
Wavelet -> Time Domain Features => LDA,0.469,0.7,0.7083333333333333,0.7,0.6969696969696969,0.7000000000000002,0.4,0.408248290463863,0:00:00.460476,BCICIV_I,BCICIV_calib_ds1e
STD_Scaler => SVM,0.469,0.575,0.5767263427109974,0.575,0.572595851665619,0.575,0.15000000000000002,0.1517165212272521,0:00:00.221159,BCICIV_I,BCICIV_calib_ds1e
PSD -> Time Domain Features -> STD_Scaler => SVM,0.469,0.55,0.55,0.55,0.55,0.55,0.09999999999999998,0.1,0:00:00.026929,BCICIV_I,BCICIV_calib_ds1g
 => SVM,0.469,0.55,0.5505050505050505,0.55,0.5488721804511277,0.5499999999999999,0.09999999999999998,0.10050378152592121,0:00:00.129916,BCICIV_I,BCICIV_calib_ds1e
Wavelet => SVM,0.469,0.45,0.44791666666666663,0.45,0.4444444444444445,0.45,-0.10000000000000009,-0.10206207261596575,0:00:00.049938,BCICIV_I,BCICIV_calib_ds1d
Wavelet => SVM,0.469,0.45,0.44791666666666663,0.45,0.4444444444444445,0.45,-0.10000000000000009,-0.10206207261596575,0:00:00.049938,BCICIV_I,BCICIV_calib_ds1d
PSD -> Time Domain Features -> STD_Scaler => LDA,0.469,0.425,0.424812030075188,0.425,0.42464040025015637,0.425,-0.1499999999999999,-0.15018785229652767,0:00:00.448839,BCICIV_I,BCICIV_calib_ds1b
PSD -> Time Domain Features -> STD_Scaler => XGB,0.466,0.4444444444444444,0.4358585858585859,0.4444444444444444,0.43581871345029244,0.40946502057613166,0.2592592592592593,0.26114676708632284,0:00:01.185600,eeg-mi,S003
Wavelet -> Time Domain Features => XGB,0.465,0.4444444444444444,0.4419191919191919,0.4444444444444444,0.4371345029239766,0.41358024691358025,0.2592592592592593,0.26114676708632284,0:00:01.142549,eeg-mi,S004
Wavelet => KNN,0.462,0.625,0.6278772378516624,0.625,0.6228786926461345,0.625,0.25,0.25286086871208685,0:00:00.030649,BCICIV_I,BCICIV_calib_ds1f
Wavelet => KNN,0.462,0.625,0.6278772378516624,0.625,0.6228786926461345,0.625,0.25,0.25286086871208685,0:00:00.030649,BCICIV_I,BCICIV_calib_ds1f
PSD -> Time Domain Features -> STD_Scaler => KNN,0.462,0.575,0.5767263427109974,0.575,0.572595851665619,0.5750000000000001,0.15000000000000002,0.1517165212272521,0:00:00.008451,BCICIV_I,BCICIV_calib_ds1b
PSD -> Time Domain Features -> STD_Scaler => KNN,0.462,0.55,0.5595238095238095,0.55,0.53125,0.55,0.09999999999999998,0.1091089451179962,0:00:00.007897,BCICIV_I,BCICIV_calib_ds1c
STD_Scaler => LDA,0.457,0.46551724137931033,0.4708200521587945,0.46551724137931033,0.4561364479050798,0.5744186046511628,0.28679095596985327,0.29181356026575317,0:00:08.599149,BCICIV_II,A09T
Wavelet => LDA,0.457,0.41379310344827586,0.40787694388100065,0.41379310344827586,0.40964854111405835,0.5449612403100775,0.21746031746031746,0.21780666066671964,0:00:01.204508,BCICIV_II,A01T
Wavelet => LDA,0.457,0.41379310344827586,0.40787694388100065,0.41379310344827586,0.40964854111405835,0.5449612403100775,0.21746031746031746,0.21780666066671964,0:00:01.204508,BCICIV_II,A01T
Wavelet => LDA,0.457,0.41379310344827586,0.40787694388100065,0.41379310344827586,0.40964854111405835,0.5449612403100775,0.21746031746031746,0.21780666066671964,0:00:01.210997,BCICIV_II,A01T
Wavelet => LDA,0.457,0.41379310344827586,0.40787694388100065,0.41379310344827586,0.40964854111405835,0.5449612403100775,0.21746031746031746,0.21780666066671964,0:00:01.210997,BCICIV_II,A01T
 => KNN,0.456,0.65,0.6515151515151515,0.65,0.6491228070175439,0.65,0.30000000000000004,0.30151134457776363,0:00:00.098563,BCICIV_I,BCICIV_calib_ds1f
 => LDA,0.456,0.6,0.601010101010101,0.6,0.5989974937343359,0.6000000000000001,0.19999999999999996,0.20100756305184242,0:00:54.533260,BCICIV_I,BCICIV_calib_ds1f
PSD -> Time Domain Features -> STD_Scaler => KNN,0.456,0.55,0.55,0.55,0.55,0.55,0.09999999999999998,0.1,0:00:00.007823,BCICIV_I,BCICIV_calib_ds1d
PSD -> Time Domain Features -> STD_Scaler => KNN,0.456,0.5,0.5,0.5,0.48849104859335035,0.5,0.0,0.0,0:00:00.010309,BCICIV_I,BCICIV_calib_ds1e
 => LDA,0.452,0.41379310344827586,0.40270409666961393,0.41379310344827586,0.4054916985951469,0.5038759689922481,0.2190099009900992,0.22014505648309038,0:00:08.880912,BCICIV_II,A01T
 => LDA,0.452,0.41379310344827586,0.40270409666961393,0.41379310344827586,0.4054916985951469,0.5038759689922481,0.2190099009900992,0.22014505648309038,0:00:08.626411,BCICIV_II,A01T
Wavelet => LDA,0.45,0.625,0.6253132832080202,0.625,0.6247654784240151,0.625,0.25,0.25031308716087947,0:00:03.211658,BCICIV_I,BCICIV_calib_ds1c
Wavelet => LDA,0.45,0.625,0.6253132832080202,0.625,0.6247654784240151,0.625,0.25,0.25031308716087947,0:00:03.211658,BCICIV_I,BCICIV_calib_ds1c
STD_Scaler => LDA,0.45,0.625,0.6278772378516624,0.625,0.6228786926461345,0.625,0.25,0.25286086871208685,0:00:48.457462,BCICIV_I,BCICIV_calib_ds1c
STD_Scaler => SVM,0.45,0.5,0.5,0.5,0.48849104859335035,0.5,0.0,0.0,0:00:00.136691,BCICIV_I,BCICIV_calib_ds1f
Wavelet -> Time Domain Features => KNN,0.45,0.475,0.474937343358396,0.475,0.474671669793621,0.475,-0.050000000000000044,-0.05006261743217589,0:00:00.012385,BCICIV_I,BCICIV_calib_ds1e
Wavelet => KNN,0.45,0.45,0.44791666666666663,0.45,0.4444444444444445,0.45,-0.10000000000000009,-0.10206207261596575,0:00:00.051516,BCICIV_I,BCICIV_calib_ds1c
Wavelet => KNN,0.45,0.45,0.44791666666666663,0.45,0.4444444444444445,0.45,-0.10000000000000009,-0.10206207261596575,0:00:00.051516,BCICIV_I,BCICIV_calib_ds1c
STD_Scaler => SVM,0.448,0.46551724137931033,0.46022891915386843,0.46551724137931033,0.44934438938888327,0.3922480620155039,0.28848436881677886,0.29351260766208886,0:00:00.157900,BCICIV_II,A06T
Wavelet => XGB,0.448,0.3448275862068966,0.3477011494252874,0.3448275862068966,0.3451310876994587,0.4844961240310078,0.1253968253968254,0.12574692660906747,0:00:03.580592,BCICIV_II,A01T
Wavelet => XGB,0.448,0.3448275862068966,0.3477011494252874,0.3448275862068966,0.3451310876994587,0.4844961240310078,0.1253968253968254,0.12574692660906747,0:00:03.580592,BCICIV_II,A01T
STD_Scaler => KNN,0.445,0.3055555555555556,0.2130952380952381,0.3055555555555556,0.233764367816092,0.3724279835390947,0.07407407407407407,0.08154778698873298,0:00:00.043982,eeg-mi,S004
 => SVM,0.444,0.625,0.6333333333333333,0.625,0.619047619047619,0.625,0.25,0.25819888974716115,0:00:00.139534,BCICIV_I,BCICIV_calib_ds1f
Wavelet -> Time Domain Features => LDA,0.444,0.5,0.5,0.5,0.4987468671679198,0.5,0.0,0.0,0:00:00.423103,BCICIV_I,BCICIV_calib_ds1d
bandpass -> PSD => XGB,0.444,0.3055555555555556,0.28153409090909093,0.3055555555555556,0.2741758241758241,0.2469135802469136,0.07407407407407407,0.077938511285384,0:00:03.940854,eeg-mi,S003
Wavelet -> Time Domain Features => LDA,0.443,0.6206896551724138,0.6233019853709509,0.6206896551724138,0.6151724137931034,0.6166666666666667,0.23501199040767395,0.24030003692073737,0:00:00.127096,BCICIV_II,A04T
 => SVM,0.443,0.3793103448275862,0.1911978221415608,0.3793103448275862,0.2484787018255578,0.5077519379844961,0.18181818181818177,0.23698652098240217,0:00:00.158109,BCICIV_II,A05T
Wavelet => LDA,0.439,0.41379310344827586,0.4146651896198175,0.41379310344827586,0.39101358411703246,0.47984496124031006,0.22209072978303745,0.2302828950954104,0:00:01.110366,BCICIV_II,A02T
Wavelet => LDA,0.439,0.41379310344827586,0.4146651896198175,0.41379310344827586,0.39101358411703246,0.47984496124031006,0.22209072978303745,0.2302828950954104,0:00:01.110366,BCICIV_II,A02T
Wavelet => LDA,0.439,0.41379310344827586,0.4146651896198175,0.41379310344827586,0.39101358411703246,0.47984496124031006,0.22209072978303745,0.2302828950954104,0:00:01.226854,BCICIV_II,A02T
Wavelet => LDA,0.439,0.41379310344827586,0.4146651896198175,0.41379310344827586,0.39101358411703246,0.47984496124031006,0.22209072978303745,0.2302828950954104,0:00:01.226854,BCICIV_II,A02T
Wavelet => XGB,0.439,0.27586206896551724,0.3094305120167189,0.27586206896551724,0.2846923232041199,0.48992248062015503,0.03677342823250285,0.03778538971953442,0:00:03.012164,BCICIV_II,A02T
Wavelet => XGB,0.439,0.27586206896551724,0.3094305120167189,0.27586206896551724,0.2846923232041199,0.48992248062015503,0.03677342823250285,0.03778538971953442,0:00:03.012164,BCICIV_II,A02T
STD_Scaler => LDA,0.438,0.575,0.5800000000000001,0.575,0.5682539682539682,0.575,0.15000000000000002,0.15491933384829668,0:00:54.364671,BCICIV_I,BCICIV_calib_ds1f
STD_Scaler => SVM,0.438,0.55,0.5505050505050505,0.55,0.5488721804511277,0.55,0.09999999999999998,0.10050378152592121,0:00:00.129653,BCICIV_I,BCICIV_calib_ds1c
Wavelet => SVM,0.438,0.55,0.5505050505050505,0.55,0.5488721804511277,0.5499999999999999,0.09999999999999998,0.10050378152592121,0:00:00.052089,BCICIV_I,BCICIV_calib_ds1e
Wavelet => SVM,0.438,0.55,0.5505050505050505,0.55,0.5488721804511277,0.5499999999999999,0.09999999999999998,0.10050378152592121,0:00:00.052089,BCICIV_I,BCICIV_calib_ds1e
Wavelet => LDA,0.438,0.55,0.5520833333333333,0.55,0.5454545454545454,0.55,0.09999999999999998,0.10206207261596575,0:00:03.465050,BCICIV_I,BCICIV_calib_ds1f
Wavelet => LDA,0.438,0.55,0.5520833333333333,0.55,0.5454545454545454,0.55,0.09999999999999998,0.10206207261596575,0:00:03.465050,BCICIV_I,BCICIV_calib_ds1f
STD_Scaler => KNN,0.438,0.475,0.4686520376175548,0.475,0.44700460829493077,0.475,-0.050000000000000044,-0.055989251095585425,0:00:00.103534,BCICIV_I,BCICIV_calib_ds1e
Wavelet => LDA,0.438,0.425,0.424812030075188,0.425,0.42464040025015637,0.42499999999999993,-0.1499999999999999,-0.15018785229652767,0:00:03.358478,BCICIV_I,BCICIV_calib_ds1e
Wavelet => LDA,0.438,0.425,0.424812030075188,0.425,0.42464040025015637,0.42499999999999993,-0.1499999999999999,-0.15018785229652767,0:00:03.358478,BCICIV_I,BCICIV_calib_ds1e
PSD -> Time Domain Features -> STD_Scaler => SVM,0.437,0.3333333333333333,0.3566849816849817,0.3333333333333333,0.32557026307026304,0.23045267489711935,0.11111111111111116,0.11433239009500588,0:00:00.017954,eeg-mi,S002
Wavelet => SVM,0.435,0.3620689655172414,0.21827291482463898,0.3620689655172414,0.24941013485724184,0.5162790697674419,0.15909090909090906,0.23635269657656274,0:00:00.045171,BCICIV_II,A05T
Wavelet => SVM,0.435,0.3620689655172414,0.21827291482463898,0.3620689655172414,0.24941013485724184,0.5162790697674419,0.15909090909090906,0.23635269657656274,0:00:00.045171,BCICIV_II,A05T
bandpass -> PSD => LDA,0.431,0.725,0.7255639097744361,0.725,0.7248280175109443,0.725,0.44999999999999996,0.450563556889583,0:00:10.996862,BCICIV_I,BCICIV_calib_ds1c
Wavelet => SVM,0.431,0.6,0.6041666666666667,0.6,0.595959595959596,0.5999999999999999,0.19999999999999996,0.2041241452319315,0:00:00.057799,BCICIV_I,BCICIV_calib_ds1f
Wavelet => SVM,0.431,0.6,0.6041666666666667,0.6,0.595959595959596,0.5999999999999999,0.19999999999999996,0.2041241452319315,0:00:00.057799,BCICIV_I,BCICIV_calib_ds1f
Wavelet -> Time Domain Features => SVM,0.431,0.55,0.55,0.55,0.55,0.55,0.09999999999999998,0.1,0:00:15.081579,BCICIV_I,BCICIV_calib_ds1e
PSD -> Time Domain Features -> STD_Scaler => LDA,0.431,0.525,0.5255754475703325,0.525,0.5223130106851037,0.525,0.050000000000000044,0.05057217374241736,0:00:00.412557,BCICIV_I,BCICIV_calib_ds1c
Wavelet -> Time Domain Features => LDA,0.43,0.3055555555555556,0.30934343434343436,0.3055555555555556,0.3065359477124183,0.4773662551440329,0.07407407407407407,0.07430376167671371,0:00:00.409045,eeg-mi,S002
STD_Scaler => LDA,0.43,0.29310344827586204,0.2977453580901857,0.29310344827586204,0.29399761950297026,0.5441860465116278,0.05672352241174117,0.056927202671034224,0:00:08.402037,BCICIV_II,A01T
STD_Scaler => LDA,0.43,0.29310344827586204,0.2977453580901857,0.29310344827586204,0.29399761950297026,0.5441860465116278,0.05672352241174117,0.056927202671034224,0:00:08.644713,BCICIV_II,A01T
STD_Scaler => SVM,0.425,0.42902208201892744,0.42866425509752903,0.42902208201892744,0.42603525550113386,0.4863818090954523,0.23310210246334384,0.234128401465418,0:00:01.007247,BCICIV_II,all
PSD -> Time Domain Features -> STD_Scaler => KNN,0.424,0.4444444444444444,0.46875,0.4444444444444444,0.428502024291498,0.4711934156378601,0.2592592592592593,0.27124449040224496,0:00:00.008014,eeg-mi,S004
Wavelet => KNN,0.417,0.5517241379310345,0.5566133201341913,0.5517241379310345,0.543083353428181,0.4503875968992248,0.4022988505747126,0.4076641881071543,0:00:00.018740,BCICIV_II,A05T
Wavelet => KNN,0.417,0.5517241379310345,0.5566133201341913,0.5517241379310345,0.543083353428181,0.4503875968992248,0.4022988505747126,0.4076641881071543,0:00:00.018740,BCICIV_II,A05T
 => XGB,0.417,0.3448275862068966,0.3566002989217466,0.3448275862068966,0.3448384709160571,0.4968992248062016,0.12643678160919536,0.1278114215810104,0:00:09.648714,BCICIV_II,A01T
bandpass -> PSD => LDA,0.417,0.2222222222222222,0.28041958041958037,0.2222222222222222,0.21758373205741627,0.5246913580246914,-0.03703703703703698,-0.038447322405439625,0:00:05.110682,eeg-mi,S003
Wavelet => LDA,0.413,0.5,0.49933687002652516,0.5,0.48695493523079736,0.4782945736434109,0.3349149861605377,0.3413013761666181,0:00:01.168311,BCICIV_II,A06T
Wavelet => LDA,0.413,0.5,0.49933687002652516,0.5,0.48695493523079736,0.4782945736434109,0.3349149861605377,0.3413013761666181,0:00:01.168311,BCICIV_II,A06T
STD_Scaler => LDA,0.412,0.425,0.4232736572890025,0.425,0.4217473287240729,0.42500000000000004,-0.1499999999999999,-0.1517165212272521,0:00:53.995189,BCICIV_I,BCICIV_calib_ds1e
bandpass -> PSD => KNN,0.41,0.5277777777777778,0.49729437229437234,0.5277777777777778,0.5032738095238094,0.308641975308642,0.37037037037037035,0.3754255278891389,0:00:00.024805,eeg-mi,S002
 => SVM,0.409,0.25862068965517243,0.11203643461288225,0.25862068965517243,0.12628328412384537,0.4232558139534884,0.022727272727272707,0.0501669291630431,0:00:00.149896,BCICIV_II,A01T
 => SVM,0.409,0.25862068965517243,0.11203643461288225,0.25862068965517243,0.12628328412384537,0.4232558139534884,0.022727272727272707,0.0501669291630431,0:00:00.150051,BCICIV_II,A01T
 => KNN,0.406,0.55,0.5520833333333333,0.55,0.5454545454545454,0.55,0.09999999999999998,0.10206207261596575,0:00:00.089875,BCICIV_I,BCICIV_calib_ds1c
STD_Scaler => LDA,0.404,0.5344827586206896,0.5265251989389921,0.5344827586206896,0.5106204207837601,0.49457364341085275,0.3812722244172264,0.39272875353178865,0:00:08.558318,BCICIV_II,A06T
 => KNN,0.404,0.5172413793103449,0.5199889090542448,0.5172413793103449,0.5026188204598999,0.4992248062015504,0.3560666137985725,0.36334294014274787,0:00:00.066563,BCICIV_II,A05T
STD_Scaler => XGB,0.404,0.48264984227129337,0.4867978693405759,0.48264984227129337,0.48247000958872754,0.45142428785607197,0.3056045306405941,0.3064833598108946,0:02:19.077083,BCICIV_II,all
Wavelet => XGB,0.403,0.47634069400630913,0.47804654411233954,0.47634069400630913,0.4759677398107876,0.4555972013993003,0.29783969149887246,0.2983804074430576,0:00:40.923114,BCICIV_II,all
Wavelet => XGB,0.403,0.47634069400630913,0.47804654411233954,0.47634069400630913,0.4759677398107876,0.4555972013993003,0.29783969149887246,0.2983804074430576,0:00:40.923114,BCICIV_II,all
 => XGB,0.403,0.4384858044164038,0.4404101159663256,0.4384858044164038,0.4377255480772922,0.47683658170914545,0.24681981392741303,0.24746144506989584,0:02:14.358901,BCICIV_II,all
Wavelet -> Time Domain Features => XGB,0.403,0.3611111111111111,0.3595238095238095,0.3611111111111111,0.3482142857142857,0.2510288065843621,0.14814814814814814,0.15260951874330314,0:00:01.252538,eeg-mi,S001
PSD -> Time Domain Features -> STD_Scaler => XGB,0.402,0.4722222222222222,0.49355158730158727,0.4722222222222222,0.47840802987861814,0.42592592592592593,0.2962962962962963,0.29845344809865465,0:00:01.189088,eeg-mi,S002
bandpass -> PSD => KNN,0.396,0.4722222222222222,0.49183006535947704,0.4722222222222222,0.452075702075702,0.4938271604938272,0.2962962962962963,0.31210972585634816,0:00:00.025643,eeg-mi,S004
STD_Scaler => XGB,0.396,0.3793103448275862,0.34685598377281945,0.3793103448275862,0.35829162031887274,0.4883720930232558,0.17077045274026992,0.1730574131898599,0:00:09.925684,BCICIV_II,A01T
bandpass -> PSD => XGB,0.396,0.3611111111111111,0.3388278388278388,0.3611111111111111,0.3423971861471862,0.5041152263374485,0.14814814814814814,0.15244318679334118,0:00:03.939981,eeg-mi,S002
PSD -> Time Domain Features -> STD_Scaler => LDA,0.391,0.5,0.5083589278235376,0.5,0.4960815047021943,0.5457364341085271,0.33491498616053783,0.33881311909796213,0:00:00.201450,BCICIV_II,A05T
PSD -> Time Domain Features -> STD_Scaler => LDA,0.391,0.3103448275862069,0.332489349730729,0.3103448275862069,0.31526742733639285,0.5767441860465117,0.08227848101265833,0.08343925967369054,0:00:00.216689,BCICIV_II,A01T
PSD -> Time Domain Features -> STD_Scaler => LDA,0.391,0.3103448275862069,0.332489349730729,0.3103448275862069,0.31526742733639285,0.5767441860465117,0.08227848101265833,0.08343925967369054,0:00:00.213612,BCICIV_II,A01T
Wavelet => SVM,0.391,0.25862068965517243,0.10074374577417175,0.25862068965517243,0.12696728558797526,0.3565891472868217,0.022727272727272707,0.04322214804491774,0:00:00.041154,BCICIV_II,A01T
Wavelet => SVM,0.391,0.25862068965517243,0.10074374577417175,0.25862068965517243,0.12696728558797526,0.3565891472868217,0.022727272727272707,0.04322214804491774,0:00:00.041154,BCICIV_II,A01T
Wavelet => SVM,0.391,0.25862068965517243,0.10074374577417175,0.25862068965517243,0.12696728558797526,0.3565891472868217,0.022727272727272707,0.04322214804491774,0:00:00.044381,BCICIV_II,A01T
Wavelet => SVM,0.391,0.25862068965517243,0.10074374577417175,0.25862068965517243,0.12696728558797526,0.3565891472868217,0.022727272727272707,0.04322214804491774,0:00:00.044381,BCICIV_II,A01T
PSD -> Time Domain Features -> STD_Scaler => SVM,0.389,0.4166666666666667,0.425,0.4166666666666667,0.41950464396284826,0.4423868312757202,0.2222222222222222,0.22268088570756164,0:00:00.016229,eeg-mi,S004
 => SVM,0.388,0.525,0.525062656641604,0.525,0.5247029393370857,0.525,0.050000000000000044,0.05006261743217589,0:00:00.126318,BCICIV_I,BCICIV_calib_ds1c
Wavelet -> Time Domain Features => LDA,0.388,0.3333333333333333,0.32702020202020204,0.3333333333333333,0.32875816993464047,0.5205761316872428,0.11111111111111116,0.11145564251507056,0:00:00.422642,eeg-mi,S001
 => XGB,0.387,0.39655172413793105,0.4032054828200873,0.39655172413793105,0.3940453780553892,0.4573643410852713,0.19731119019375243,0.1992862992371243,0:00:08.896626,BCICIV_II,A02T
STD_Scaler => KNN,0.387,0.3103448275862069,0.30921052631578944,0.3103448275862069,0.29911180773249735,0.5054263565891473,0.07973026576755249,0.0817332798463304,0:00:00.042523,BCICIV_II,A02T
STD_Scaler => KNN,0.387,0.3103448275862069,0.30921052631578944,0.3103448275862069,0.29911180773249735,0.5054263565891473,0.07973026576755249,0.0817332798463304,0:00:00.050532,BCICIV_II,A02T
Wavelet -> Time Domain Features => LDA,0.383,0.5,0.5083573413881943,0.5,0.497610945886808,0.44031007751937984,0.33412509897070464,0.33693390663943157,0:00:00.211339,BCICIV_II,A09T
 => LDA,0.383,0.4827586206896552,0.49041213658904814,0.4827586206896552,0.47164936820109227,0.4031007751937985,0.31225296442687744,0.3195127862524046,0:00:08.455945,BCICIV_II,A06T
Wavelet -> Time Domain Features => LDA,0.383,0.4827586206896552,0.44954361054766734,0.4827586206896552,0.4509099616858238,0.672093023255814,0.31034482758620685,0.3183938214909289,0:00:00.221662,BCICIV_II,A05T
PSD -> Time Domain Features -> STD_Scaler => LDA,0.378,0.4482758620689655,0.4377695177377573,0.4482758620689655,0.4320989015296274,0.437984496124031,0.26495049504950496,0.26935519139360414,0:00:00.209512,BCICIV_II,A09T
bandpass -> PSD => LDA,0.376,0.5,0.500801282051282,0.5,0.49126559714795015,0.4444444444444444,0.33333333333333337,0.337882975100225,0:00:04.862027,eeg-mi,S001
 => KNN,0.375,0.4444444444444444,0.46875,0.4444444444444444,0.43826761473820297,0.2777777777777778,0.2592592592592593,0.2653343152526162,0:00:00.048638,eeg-mi,S004
Wavelet => KNN,0.37,0.39655172413793105,0.3921333113347632,0.39655172413793105,0.3568252977583607,0.5379844961240311,0.19762845849802368,0.20999033663504538,0:00:00.018337,BCICIV_II,A06T
Wavelet => KNN,0.37,0.39655172413793105,0.3921333113347632,0.39655172413793105,0.3568252977583607,0.5379844961240311,0.19762845849802368,0.20999033663504538,0:00:00.018337,BCICIV_II,A06T
PSD -> Time Domain Features -> STD_Scaler => LDA,0.368,0.4166666666666667,0.5429487179487179,0.4166666666666667,0.383276372750057,0.6131687242798354,0.2222222222222222,0.23328473740792172,0:00:00.417850,eeg-mi,S003
PSD -> Time Domain Features -> STD_Scaler => XGB,0.367,0.25,0.2569444444444444,0.25,0.2492063492063492,0.2160493827160494,0.0,0.0,0:00:01.215810,eeg-mi,S001
Wavelet -> Time Domain Features => SVM,0.365,0.3448275862068966,0.3580165045682287,0.3448275862068966,0.34897828863346103,0.26356589147286824,0.12712871287128724,0.12778763676504884,0:00:00.022068,BCICIV_II,A09T
 => LDA,0.365,0.31230283911671924,0.31647689970991283,0.31230283911671924,0.31284472256103807,0.5153173413293354,0.08103723404255325,0.0812850109206538,0:00:24.435637,BCICIV_II,all
bandpass -> PSD => XGB,0.362,0.25,0.24567099567099568,0.25,0.24583333333333332,0.38271604938271603,0.0,0.0,0:00:03.915172,eeg-mi,S001
PSD -> Time Domain Features -> STD_Scaler => KNN,0.361,0.46551724137931033,0.4896551724137931,0.46551724137931033,0.46275354969574034,0.5713178294573644,0.28988941548183256,0.2958888538890475,0:00:00.007499,BCICIV_II,A05T
Wavelet -> Time Domain Features => XGB,0.361,0.4166666666666667,0.41035353535353536,0.4166666666666667,0.4093567251461988,0.5637860082304527,0.2222222222222222,0.223840086073991,0:00:01.150939,eeg-mi,S002
 => KNN,0.361,0.3888888888888889,0.38749999999999996,0.3888888888888889,0.37289915966386555,0.29012345679012347,0.18518518518518523,0.1905539834916765,0:00:00.041421,eeg-mi,S003
STD_Scaler => KNN,0.361,0.3793103448275862,0.3843313245536476,0.3793103448275862,0.37188084879129063,0.5271317829457364,0.1730693069306931,0.17594651515546342,0:00:00.058585,BCICIV_II,A01T
STD_Scaler => KNN,0.361,0.3793103448275862,0.3843313245536476,0.3793103448275862,0.37188084879129063,0.5271317829457364,0.1730693069306931,0.17594651515546342,0:00:00.052565,BCICIV_II,A01T
PSD -> Time Domain Features -> STD_Scaler => LDA,0.361,0.2777777777777778,0.2714285714285714,0.2777777777777778,0.2648809523809524,0.4238683127572016,0.03703703703703709,0.038152379685825785,0:00:00.392463,eeg-mi,S002
bandpass -> PSD => KNN,0.361,0.2777777777777778,0.20815058479532164,0.2777777777777778,0.22980859010270777,0.3724279835390947,0.03703703703703709,0.04108240150088805,0:00:00.026106,eeg-mi,S001
bandpass -> PSD => KNN,0.361,0.25,0.14142857142857143,0.25,0.1654411764705882,0.4897119341563786,0.0,0.0,0:00:00.024157,eeg-mi,S003
STD_Scaler => LDA,0.36,0.3722397476340694,0.3738134513915425,0.3722397476340694,0.37216363121565593,0.4846826586706647,0.16217759715249558,0.16241272738383258,0:00:26.028769,BCICIV_II,all
Wavelet => XGB,0.358,0.34490238611713664,0.34370509663197973,0.34490238611713664,0.34339984356452363,0.41898078738408573,0.1264684660190114,0.12669506180821552,0:06:46.465803,eeg-mi,all
Wavelet => XGB,0.358,0.34490238611713664,0.34370509663197973,0.34490238611713664,0.34339984356452363,0.41898078738408573,0.1264684660190114,0.12669506180821552,0:06:46.465803,eeg-mi,all
PSD -> Time Domain Features -> STD_Scaler => SVM,0.357,0.46551724137931033,0.45054446460980035,0.46551724137931033,0.4523510971786834,0.575968992248062,0.28848436881677886,0.2913762157618583,0:00:00.022949,BCICIV_II,A05T
STD_Scaler => KNN,0.357,0.4482758620689655,0.5362976406533575,0.4482758620689655,0.4262965360935027,0.5271317829457364,0.266403162055336,0.2871845278113143,0:00:00.049805,BCICIV_II,A05T
 => XGB,0.357,0.36948662328271875,0.36979901282899214,0.36948662328271875,0.3692628460810037,0.41786745516130824,0.15921835032010978,0.15933315328995315,0:24:07.209506,eeg-mi,all
 => KNN,0.357,0.3620689655172414,0.3557692307692308,0.3620689655172414,0.32651683196147807,0.48217054263565895,0.1521137890161992,0.1603430259995556,0:00:00.050799,BCICIV_II,A06T
 => KNN,0.357,0.25862068965517243,0.254535407121614,0.25862068965517243,0.2474433965283368,0.5550387596899224,0.014618727775582818,0.014970700206327027,0:00:00.046366,BCICIV_II,A02T
 => KNN,0.357,0.25862068965517243,0.254535407121614,0.25862068965517243,0.2474433965283368,0.5550387596899224,0.014618727775582818,0.014970700206327027,0:00:00.077389,BCICIV_II,A02T
Wavelet => SVM,0.357,0.3275862068965517,0.17456896551724138,0.3275862068965517,0.2160919540229885,0.4038759689922481,0.11363636363636365,0.15751641627612326,0:00:00.042246,BCICIV_II,A06T
Wavelet => SVM,0.357,0.3275862068965517,0.17456896551724138,0.3275862068965517,0.2160919540229885,0.4038759689922481,0.11363636363636365,0.15751641627612326,0:00:00.042246,BCICIV_II,A06T
 => SVM,0.357,0.3103448275862069,0.1570105635441389,0.3103448275862069,0.20259852920880894,0.45891472868217054,0.09090909090909094,0.12000278963353903,0:00:00.154733,BCICIV_II,A06T
 => SVM,0.357,0.3103448275862069,0.1486388384754991,0.3103448275862069,0.19659853331252924,0.49224806201550386,0.09090909090909094,0.11849326049120108,0:00:00.130006,BCICIV_II,A02T
 => SVM,0.357,0.3103448275862069,0.1486388384754991,0.3103448275862069,0.19659853331252924,0.49224806201550386,0.09090909090909094,0.11849326049120108,0:00:00.145875,BCICIV_II,A02T
PSD -> Time Domain Features -> STD_Scaler => SVM,0.354,0.3611111111111111,0.3626984126984127,0.3611111111111111,0.35983187134502925,0.4773662551440329,0.14814814814814814,0.14860752335342742,0:00:00.017420,eeg-mi,S003
PSD -> Time Domain Features -> STD_Scaler => SVM,0.354,0.2222222222222222,0.24415584415584415,0.2222222222222222,0.2314628482972136,0.31481481481481477,-0.03703703703703698,-0.037229039552497,0:00:00.024839,eeg-mi,S001
PSD -> Time Domain Features -> STD_Scaler => LDA,0.353,0.3186119873817035,0.31351315712916045,0.3186119873817035,0.3086691756558716,0.5340829585207396,0.08117175024489742,0.08242583468470424,0:00:00.405103,BCICIV_II,all
 => XGB,0.353,0.2777777777777778,0.2834595959595959,0.2777777777777778,0.27924836601307196,0.3497942386831276,0.03703703703703709,0.037151880838356854,0:00:07.805263,eeg-mi,S003
Wavelet => KNN,0.352,0.3103448275862069,0.38614744351961944,0.3103448275862069,0.29540036358754224,0.39922480620155043,0.08481262327416184,0.09233081920174169,0:00:00.018985,BCICIV_II,A01T
Wavelet => KNN,0.352,0.3103448275862069,0.38614744351961944,0.3103448275862069,0.29540036358754224,0.39922480620155043,0.08481262327416184,0.09233081920174169,0:00:00.018985,BCICIV_II,A01T
Wavelet => KNN,0.352,0.3103448275862069,0.38614744351961944,0.3103448275862069,0.29540036358754224,0.39922480620155043,0.08481262327416184,0.09233081920174169,0:00:00.022271,BCICIV_II,A01T
Wavelet => KNN,0.352,0.3103448275862069,0.38614744351961944,0.3103448275862069,0.29540036358754224,0.39922480620155043,0.08481262327416184,0.09233081920174169,0:00:00.022271,BCICIV_II,A01T
Wavelet -> Time Domain Features => XGB,0.35,0.2807570977917981,0.27147203430460376,0.2807570977917981,0.27356741887548486,0.48750624687656174,0.033639961493207804,0.0338885068149585,0:00:04.626109,BCICIV_II,all
PSD -> Time Domain Features -> STD_Scaler => XGB,0.349,0.3318872017353579,0.3322591173489391,0.3318872017353579,0.3319416542004355,0.435018601810206,0.1090930386259632,0.10912020352424293,0:00:47.480612,eeg-mi,all
STD_Scaler => XGB,0.348,0.3347794649313087,0.33554917168930787,0.3347794649313087,0.3343829725160307,0.4136889888389139,0.11302027346380539,0.11319495738883169,0:22:48.172402,eeg-mi,all
PSD -> Time Domain Features -> STD_Scaler => LDA,0.348,0.2413793103448276,0.2805937256935442,0.2413793103448276,0.24122488688481555,0.5426356589147286,-0.00789889415481837,-0.008112392096364338,0:00:00.213210,BCICIV_II,A06T
Wavelet => KNN,0.348,0.2413793103448276,0.23494022219659402,0.2413793103448276,0.23088086191534468,0.48062015503875966,-0.00909450375642562,-0.009306110939068152,0:00:00.021884,BCICIV_II,A02T
Wavelet => KNN,0.348,0.2413793103448276,0.23494022219659402,0.2413793103448276,0.23088086191534468,0.48062015503875966,-0.00909450375642562,-0.009306110939068152,0:00:00.021884,BCICIV_II,A02T
Wavelet => KNN,0.348,0.2413793103448276,0.23494022219659402,0.2413793103448276,0.23088086191534468,0.48062015503875966,-0.00909450375642562,-0.009306110939068152,0:00:00.020038,BCICIV_II,A02T
Wavelet => KNN,0.348,0.2413793103448276,0.23494022219659402,0.2413793103448276,0.23088086191534468,0.48062015503875966,-0.00909450375642562,-0.009306110939068152,0:00:00.020038,BCICIV_II,A02T
Wavelet => SVM,0.348,0.29310344827586204,0.13946360153256704,0.29310344827586204,0.18271072796934865,0.5155038759689923,0.06818181818181823,0.09130518927867631,0:00:00.038129,BCICIV_II,A02T
Wavelet => SVM,0.348,0.29310344827586204,0.13946360153256704,0.29310344827586204,0.18271072796934865,0.5155038759689923,0.06818181818181823,0.09130518927867631,0:00:00.038129,BCICIV_II,A02T
Wavelet => SVM,0.348,0.29310344827586204,0.13946360153256704,0.29310344827586204,0.18271072796934865,0.5155038759689923,0.06818181818181823,0.09130518927867631,0:00:00.042355,BCICIV_II,A02T
Wavelet => SVM,0.348,0.29310344827586204,0.13946360153256704,0.29310344827586204,0.18271072796934865,0.5155038759689923,0.06818181818181823,0.09130518927867631,0:00:00.042355,BCICIV_II,A02T
Wavelet -> Time Domain Features => LDA,0.347,0.4166666666666667,0.42410714285714285,0.4166666666666667,0.41561624649859946,0.4382716049382716,0.2222222222222222,0.223840086073991,0:00:00.379023,eeg-mi,S003
Wavelet -> Time Domain Features => KNN,0.347,0.3333333333333333,0.3422794117647059,0.3333333333333333,0.3201034259857789,0.5884773662551441,0.11111111111111116,0.11664236870396086,0:00:00.008039,eeg-mi,S002
Wavelet -> Time Domain Features => KNN,0.346,0.3055555555555556,0.3551282051282051,0.3055555555555556,0.3192640692640693,0.4855967078189301,0.07407407407407407,0.07532435771547094,0:00:00.007459,eeg-mi,S004
Wavelet -> Time Domain Features => LDA,0.344,0.3249211356466877,0.3047449094006696,0.3249211356466877,0.30944780890522217,0.5486006996501749,0.08989924737385802,0.09108045687322494,0:00:00.479814,BCICIV_II,all
Wavelet => KNN,0.343,0.35331230283911674,0.3454645170997306,0.35331230283911674,0.3430896927598292,0.48035982008995504,0.1298788243957958,0.1313787359288943,0:00:00.081766,BCICIV_II,all
Wavelet => KNN,0.343,0.35331230283911674,0.3454645170997306,0.35331230283911674,0.3430896927598292,0.48035982008995504,0.1298788243957958,0.1313787359288943,0:00:00.081766,BCICIV_II,all
bandpass -> PSD => LDA,0.343,0.3448275862068966,0.33969517072965344,0.3448275862068966,0.33617243102586636,0.36434108527131787,0.12470214455917383,0.1263721575386419,0:00:02.433242,BCICIV_II,A01T
bandpass -> PSD => LDA,0.343,0.3448275862068966,0.33969517072965344,0.3448275862068966,0.33617243102586636,0.36434108527131787,0.12470214455917383,0.1263721575386419,0:00:02.449763,BCICIV_II,A01T
STD_Scaler => LDA,0.342,0.4166666666666667,0.40476190476190477,0.4166666666666667,0.4089912280701754,0.51440329218107,0.2222222222222222,0.22291128503014113,0:00:20.441113,eeg-mi,S001
 => KNN,0.341,0.4444444444444444,0.5799689440993788,0.4444444444444444,0.40220716783216776,0.5267489711934157,0.2592592592592593,0.3059424195626852,0:00:00.055853,eeg-mi,S002
Wavelet -> Time Domain Features => XGB,0.341,0.31814895155459144,0.31924143920964315,0.31814895155459144,0.31845656671753025,0.4620689655172414,0.09084578030040047,0.09089287116482797,0:00:46.109598,eeg-mi,all
 => XGB,0.341,0.3055555555555556,0.30934343434343436,0.3055555555555556,0.30380116959064324,0.43415637860082307,0.07407407407407407,0.07461336202466366,0:00:06.996838,eeg-mi,S002
bandpass -> PSD => LDA,0.341,0.3055555555555556,0.3047979797979798,0.3055555555555556,0.3011695906432748,0.43415637860082307,0.07407407407407407,0.07461336202466366,0:00:05.095933,eeg-mi,S002
Wavelet => KNN,0.34,0.4444444444444444,0.4718094405594406,0.4444444444444444,0.4398909913615796,0.2716049382716049,0.2592592592592593,0.2656206988386784,0:00:00.020294,eeg-mi,S004
Wavelet => KNN,0.34,0.4444444444444444,0.4718094405594406,0.4444444444444444,0.4398909913615796,0.2716049382716049,0.2592592592592593,0.2656206988386784,0:00:00.020294,eeg-mi,S004
STD_Scaler => XGB,0.34,0.3611111111111111,0.44999999999999996,0.3611111111111111,0.3843045112781954,0.3703703703703704,0.14814814814814814,0.15311180047019055,0:00:07.749167,eeg-mi,S003
Wavelet -> Time Domain Features => SVM,0.339,0.3793103448275862,0.4142817255339941,0.3793103448275862,0.3812597139169147,0.537984496124031,0.17142857142857149,0.17472091602663137,0:00:00.020394,BCICIV_II,A05T
STD_Scaler => KNN,0.339,0.3793103448275862,0.3395320197044335,0.3793103448275862,0.35130001843997793,0.5813953488372093,0.17470355731225296,0.17839777819842725,0:00:00.052337,BCICIV_II,A06T
PSD -> Time Domain Features -> STD_Scaler => SVM,0.339,0.3280757097791798,0.322879795849613,0.3280757097791798,0.3183288774902831,0.5161169415292354,0.0942006627047477,0.0954766583870854,0:00:00.286749,BCICIV_II,all
Wavelet -> Time Domain Features => KNN,0.339,0.25862068965517243,0.23811252268602542,0.25862068965517243,0.2425735184355874,0.4782945736434109,0.011494252873563204,0.01173379205360767,0:00:00.007934,BCICIV_II,A05T
Wavelet -> Time Domain Features => KNN,0.339,0.20689655172413793,0.22676062762269658,0.20689655172413793,0.20249084877241783,0.5403100775193799,-0.054545454545454675,-0.0573733010740361,0:00:00.009202,BCICIV_II,A01T
Wavelet -> Time Domain Features => KNN,0.339,0.20689655172413793,0.22676062762269658,0.20689655172413793,0.20249084877241783,0.5403100775193799,-0.054545454545454675,-0.0573733010740361,0:00:00.008619,BCICIV_II,A01T
Wavelet -> Time Domain Features => KNN,0.339,0.20689655172413793,0.21058955816209543,0.20689655172413793,0.20085783275438446,0.4503875968992248,-0.05663366336633646,-0.05834351868382565,0:00:00.008243,BCICIV_II,A09T
PSD -> Time Domain Features -> STD_Scaler => XGB,0.338,0.3438485804416404,0.3377334027543822,0.3438485804416404,0.33821728745510954,0.46424287856071966,0.11830228795314446,0.11891097118543013,0:00:04.592459,BCICIV_II,all
 => KNN,0.335,0.35962145110410093,0.3593227593754348,0.35962145110410093,0.3549481583904598,0.4727136431784108,0.13925523661753303,0.1402546148794676,0:00:00.253155,BCICIV_II,all
STD_Scaler => KNN,0.334,0.4444444444444444,0.446031746031746,0.4444444444444444,0.44316520467836257,0.4897119341563786,0.2592592592592593,0.260063165868498,0:00:00.050180,eeg-mi,S002
STD_Scaler => KNN,0.334,0.3611111111111111,0.3412698412698412,0.3611111111111111,0.3499634502923976,0.39094650205761317,0.14814814814814814,0.14860752335342742,0:00:00.056636,eeg-mi,S003
STD_Scaler => XGB,0.334,0.3611111111111111,0.3412698412698412,0.3611111111111111,0.3473097572362278,0.34156378600823045,0.14814814814814814,0.14922672404932733,0:00:07.418864,eeg-mi,S004
Wavelet => KNN,0.334,0.3210412147505423,0.3216682858100218,0.3210412147505423,0.32071412255271486,0.4295532789160975,0.09474954358859622,0.09486447191199565,0:00:01.014803,eeg-mi,all
Wavelet => KNN,0.334,0.3210412147505423,0.3216682858100218,0.3210412147505423,0.32071412255271486,0.4295532789160975,0.09474954358859622,0.09486447191199565,0:00:01.014803,eeg-mi,all
Wavelet -> Time Domain Features => LDA,0.332,0.34345625451916123,0.3444884156837404,0.34345625451916123,0.3433471848263737,0.42994752623688154,0.12458225105509069,0.12473512713942891,0:00:04.412150,eeg-mi,all
PSD -> Time Domain Features -> STD_Scaler => SVM,0.33,0.39655172413793105,0.38218390804597696,0.39655172413793105,0.38784395680947403,0.4255813953488372,0.19508326724821567,0.19578318953057341,0:00:00.021983,BCICIV_II,A02T
PSD -> Time Domain Features -> STD_Scaler => SVM,0.33,0.39655172413793105,0.38218390804597696,0.39655172413793105,0.38784395680947403,0.4255813953488372,0.19508326724821567,0.19578318953057341,0:00:00.022656,BCICIV_II,A02T
PSD -> Time Domain Features -> STD_Scaler => SVM,0.33,0.3620689655172414,0.3514778325123153,0.3620689655172414,0.34690303750945845,0.554263565891473,0.15009900990099012,0.15297004058190933,0:00:00.022956,BCICIV_II,A09T
PSD -> Time Domain Features -> STD_Scaler => LDA,0.33,0.3448275862068966,0.33477174026109113,0.3448275862068966,0.33779290787077215,0.45116279069767445,0.12643678160919536,0.12689006171521489,0:00:00.197164,BCICIV_II,A02T
PSD -> Time Domain Features -> STD_Scaler => LDA,0.33,0.3448275862068966,0.33477174026109113,0.3448275862068966,0.33779290787077215,0.45116279069767445,0.12643678160919536,0.12689006171521489,0:00:00.202692,BCICIV_II,A02T
Wavelet => KNN,0.33,0.29310344827586204,0.2993818216941949,0.29310344827586204,0.2680707941483803,0.45116279069767445,0.05933544303797478,0.0635939738397272,0:00:00.020787,BCICIV_II,A09T
Wavelet => KNN,0.33,0.29310344827586204,0.2993818216941949,0.29310344827586204,0.2680707941483803,0.45116279069767445,0.05933544303797478,0.0635939738397272,0:00:00.020787,BCICIV_II,A09T
Wavelet -> Time Domain Features => LDA,0.327,0.4166666666666667,0.425820707070707,0.4166666666666667,0.41977124183006537,0.3292181069958848,0.2222222222222222,0.22291128503014113,0:00:00.395619,eeg-mi,S004
 => XGB,0.327,0.3888888888888889,0.4326923076923077,0.3888888888888889,0.4024955436720143,0.6131687242798354,0.18518518518518523,0.18771276394456946,0:00:07.531449,eeg-mi,S001
Wavelet => KNN,0.327,0.3611111111111111,0.33324175824175817,0.3611111111111111,0.340311004784689,0.22016460905349794,0.14814814814814814,0.15048870612882675,0:00:00.023428,eeg-mi,S003
Wavelet => KNN,0.327,0.3611111111111111,0.33324175824175817,0.3611111111111111,0.340311004784689,0.22016460905349794,0.14814814814814814,0.15048870612882675,0:00:00.023428,eeg-mi,S003
Wavelet => KNN,0.327,0.3611111111111111,0.47081105169340465,0.3611111111111111,0.33962703962703966,0.48765432098765427,0.14814814814814814,0.15879768911344364,0:00:00.020433,eeg-mi,S002
Wavelet => KNN,0.327,0.3611111111111111,0.47081105169340465,0.3611111111111111,0.33962703962703966,0.48765432098765427,0.14814814814814814,0.15879768911344364,0:00:00.020433,eeg-mi,S002
 => KNN,0.326,0.29310344827586204,0.24970808246670317,0.29310344827586204,0.2645804936051739,0.365891472868217,0.0623028391167193,0.06692500448962067,0:00:00.050608,BCICIV_II,A01T
 => KNN,0.326,0.29310344827586204,0.24970808246670317,0.29310344827586204,0.2645804936051739,0.365891472868217,0.0623028391167193,0.06692500448962067,0:00:00.050039,BCICIV_II,A01T
PSD -> Time Domain Features -> STD_Scaler => XGB,0.326,0.22413793103448276,0.23077632306841228,0.22413793103448276,0.22469799388598055,0.6255813953488372,-0.034482758620689724,-0.03474530668062087,0:00:00.899645,BCICIV_II,A01T
STD_Scaler => KNN,0.325,0.35646687697160884,0.36458005430187823,0.35646687697160884,0.35087370827048836,0.49645177411294356,0.13139019476158487,0.13375297450782045,0:00:00.262213,BCICIV_II,all
STD_Scaler => KNN,0.322,0.3793103448275862,0.3676854754440962,0.3793103448275862,0.3537419567728098,0.4023255813953488,0.17437722419928814,0.18239348963573762,0:00:00.049591,BCICIV_II,A09T
Wavelet -> Time Domain Features => LDA,0.322,0.3275862068965517,0.3200104493207942,0.3275862068965517,0.3220816044835069,0.6263565891472869,0.10344827586206895,0.10398525213582897,0:00:00.202190,BCICIV_II,A02T
Wavelet -> Time Domain Features => LDA,0.322,0.3275862068965517,0.3200104493207942,0.3275862068965517,0.3220816044835069,0.6263565891472869,0.10344827586206895,0.10398525213582897,0:00:00.221761,BCICIV_II,A02T
bandpass -> PSD => KNN,0.322,0.3275862068965517,0.3371647509578544,0.3275862068965517,0.31939655172413794,0.6155038759689923,0.10698776154757195,0.10974092120326014,0:00:00.036921,BCICIV_II,A09T
PSD -> Time Domain Features -> STD_Scaler => SVM,0.32,0.32176428054953,0.3224839619020373,0.32176428054953,0.3211880263531046,0.44661280470875675,0.09568145220319135,0.09587956126449232,0:00:13.769020,eeg-mi,all
PSD -> Time Domain Features -> STD_Scaler => LDA,0.32,0.30874909616775126,0.31065648401662604,0.30874909616775126,0.30887162272948865,0.44530373702037873,0.07826803502747115,0.07842264440583496,0:00:03.737892,eeg-mi,all
PSD -> Time Domain Features -> STD_Scaler => LDA,0.32,0.19444444444444445,0.1793831168831169,0.19444444444444445,0.17541806020066886,0.5555555555555555,-0.07407407407407418,-0.07638819817118042,0:00:00.416754,eeg-mi,S001
STD_Scaler => SVM,0.319,0.3611111111111111,0.35486111111111107,0.3611111111111111,0.35724114207086344,0.5082304526748971,0.14814814814814814,0.14830079955201295,0:00:00.128670,eeg-mi,S002
Wavelet => XGB,0.319,0.3333333333333333,0.35281385281385286,0.3333333333333333,0.33958333333333335,0.2674897119341564,0.11111111111111116,0.11157120049584027,0:00:02.461141,eeg-mi,S002
Wavelet => XGB,0.319,0.3333333333333333,0.35281385281385286,0.3333333333333333,0.33958333333333335,0.2674897119341564,0.11111111111111116,0.11157120049584027,0:00:02.461141,eeg-mi,S002
STD_Scaler => LDA,0.319,0.1111111111111111,0.11180555555555556,0.1111111111111111,0.11128310973512212,0.5637860082304527,-0.18518518518518512,-0.1853759994400162,0:00:21.330432,eeg-mi,S003
PSD -> Time Domain Features -> STD_Scaler => SVM,0.317,0.3620689655172414,0.42362371445856023,0.3620689655172414,0.3653968749303434,0.36589147286821705,0.1507716660071231,0.15544671761215087,0:00:00.021096,BCICIV_II,A01T
PSD -> Time Domain Features -> STD_Scaler => SVM,0.317,0.3620689655172414,0.42362371445856023,0.3620689655172414,0.3653968749303434,0.36589147286821705,0.1507716660071231,0.15544671761215087,0:00:00.025255,BCICIV_II,A01T
Wavelet -> Time Domain Features => LDA,0.317,0.3275862068965517,0.2978221415607986,0.3275862068965517,0.30123968412641416,0.49612403100775193,0.10166799046862596,0.1042285837232908,0:00:00.214116,BCICIV_II,A06T
PSD -> Time Domain Features -> STD_Scaler => SVM,0.317,0.15517241379310345,0.1329022988505747,0.15517241379310345,0.1354204476709014,0.5286821705426357,-0.12154696132596676,-0.1259806957182707,0:00:00.028285,BCICIV_II,A06T
 => KNN,0.315,0.309472161966739,0.3074146163061029,0.309472161966739,0.30648693133788496,0.4597395746571159,0.07906269414769551,0.07942150390851532,0:00:02.947320,eeg-mi,all
STD_Scaler => KNN,0.315,0.2957339117859725,0.29674829692030286,0.2957339117859725,0.2911252733396007,0.4587886612249431,0.061498170082999515,0.06226128294881349,0:00:02.874200,eeg-mi,all
Wavelet -> Time Domain Features => XGB,0.313,0.5833333333333334,0.6083333333333333,0.5833333333333334,0.5877192982456141,0.4876543209876543,0.4444444444444444,0.4472135954999579,0:00:01.231022,eeg-mi,S003
bandpass -> PSD => XGB,0.313,0.3888888888888889,0.38571428571428573,0.3888888888888889,0.37389705882352936,0.4506172839506173,0.18518518518518523,0.19014018499356047,0:00:03.932630,eeg-mi,S004
Wavelet -> Time Domain Features => SVM,0.313,0.3055555555555556,0.3126984126984127,0.3055555555555556,0.30720029239766083,0.46502057613168724,0.07407407407407407,0.07430376167671371,0:00:00.019482,eeg-mi,S003
 => SVM,0.313,0.3620689655172414,0.20924764890282133,0.3620689655172414,0.24613555291319858,0.4271317829457364,0.15909090909090906,0.2303287435670715,0:00:00.149437,BCICIV_II,A09T
PSD -> Time Domain Features -> STD_Scaler => LDA,0.312,0.2777777777777778,0.23863636363636362,0.2777777777777778,0.256578947368421,0.5082304526748971,0.03703703703703709,0.03770230905437056,0:00:00.410418,eeg-mi,S004
PSD -> Time Domain Features -> STD_Scaler => KNN,0.308,0.31019522776572667,0.30995234592524773,0.31019522776572667,0.3092494245674446,0.4634224554389472,0.08025982282525956,0.0804093413675848,0:00:00.271646,eeg-mi,all
Wavelet -> Time Domain Features => SVM,0.307,0.26498422712933756,0.2497318200571671,0.26498422712933756,0.2532727630981921,0.5052973513243378,0.009441426942935705,0.009556484773712987,0:00:00.137739,BCICIV_II,all
STD_Scaler => SVM,0.306,0.4722222222222222,0.5354166666666667,0.4722222222222222,0.47714285714285715,0.5370370370370371,0.2962962962962963,0.3082628483411666,0:00:00.125308,eeg-mi,S001
PSD -> Time Domain Features -> STD_Scaler => KNN,0.306,0.3888888888888889,0.4095238095238095,0.3888888888888889,0.3839285714285714,0.29218106995884774,0.18518518518518523,0.1907618984291289,0:00:00.007505,eeg-mi,S001
Wavelet => LDA,0.305,0.3888888888888889,0.5018939393939394,0.3888888888888889,0.4006265664160401,0.7654320987654321,0.18518518518518523,0.19014018499356047,0:00:02.037075,eeg-mi,S001
Wavelet => LDA,0.305,0.3888888888888889,0.5018939393939394,0.3888888888888889,0.4006265664160401,0.7654320987654321,0.18518518518518523,0.19014018499356047,0:00:02.037075,eeg-mi,S001
Wavelet -> Time Domain Features => XGB,0.304,0.3448275862068966,0.3391411383297793,0.3448275862068966,0.336190932311622,0.38992248062015505,0.12712871287128713,0.1283014612613944,0:00:00.945020,BCICIV_II,A01T
PSD -> Time Domain Features -> STD_Scaler => KNN,0.304,0.3028391167192429,0.28902666139442323,0.3028391167192429,0.28347926133598855,0.5253623188405797,0.05734738088510338,0.059162086975215016,0:00:00.021679,BCICIV_II,all
Wavelet -> Time Domain Features => SVM,0.304,0.25,0.24791666666666667,0.25,0.24871001031991746,0.5740740740740742,0.0,0.0,0:00:00.016635,eeg-mi,S004
bandpass -> PSD => KNN,0.304,0.20689655172413793,0.20031130268199232,0.20689655172413793,0.20214126807563956,0.5139534883720931,-0.05621536025336504,-0.056687932159714786,0:00:00.039565,BCICIV_II,A05T
Wavelet -> Time Domain Features => SVM,0.303,0.31019522776572667,0.31016296489221085,0.31019522776572667,0.3088806395025543,0.4495141318229774,0.08038098424414786,0.0806027780274916,0:00:08.343864,eeg-mi,all
Wavelet => LDA,0.302,0.3028391167192429,0.31211671157707493,0.3028391167192429,0.3047732933708836,0.5368565717141429,0.07298903047384653,0.07341550079145089,0:00:06.951143,BCICIV_II,all
Wavelet => LDA,0.302,0.3028391167192429,0.31211671157707493,0.3028391167192429,0.3047732933708836,0.5368565717141429,0.07298903047384653,0.07341550079145089,0:00:06.951143,BCICIV_II,all
PSD -> Time Domain Features -> STD_Scaler => KNN,0.3,0.4444444444444444,0.46875,0.4444444444444444,0.4380252100840336,0.47530864197530864,0.2592592592592593,0.2667755768883471,0:00:00.008145,eeg-mi,S003
Wavelet => SVM,0.3,0.3620689655172414,0.18860812508725394,0.3620689655172414,0.24096528065298398,0.413953488372093,0.15909090909090906,0.2100048818586933,0:00:00.043817,BCICIV_II,A09T
Wavelet => SVM,0.3,0.3620689655172414,0.18860812508725394,0.3620689655172414,0.24096528065298398,0.413953488372093,0.15909090909090906,0.2100048818586933,0:00:00.043817,BCICIV_II,A09T
 => KNN,0.3,0.22413793103448276,0.24460118425635666,0.22413793103448276,0.21630999172228554,0.37441860465116283,-0.034072900158478525,-0.035538148880416155,0:00:00.049387,BCICIV_II,A09T
STD_Scaler => XGB,0.299,0.4166666666666667,0.4097222222222222,0.4166666666666667,0.407936507936508,0.41975308641975306,0.2222222222222222,0.2243088616368177,0:00:06.756983,eeg-mi,S002
Wavelet => LDA,0.299,0.4166666666666667,0.38977272727272727,0.4166666666666667,0.39372469635627527,0.43621399176954734,0.2222222222222222,0.22621385432622335,0:00:02.003690,eeg-mi,S002
Wavelet => LDA,0.299,0.4166666666666667,0.38977272727272727,0.4166666666666667,0.39372469635627527,0.43621399176954734,0.2222222222222222,0.22621385432622335,0:00:02.003690,eeg-mi,S002
STD_Scaler => XGB,0.299,0.16666666666666666,0.14930555555555555,0.16666666666666666,0.15639589169000934,0.4917695473251029,-0.11111111111111116,-0.1119200430369955,0:00:07.841130,eeg-mi,S001
 => LDA,0.298,0.2777777777777778,0.28075396825396826,0.2777777777777778,0.27558940242763774,0.4958847736625514,0.03703703703703709,0.03730668101233183,0:00:20.944104,eeg-mi,S004
STD_Scaler => SVM,0.298,0.2222222222222222,0.26021825396825393,0.2222222222222222,0.23369057768034748,0.36831275720164613,-0.03703703703703698,-0.03786412228313765,0:00:00.128962,eeg-mi,S004
Wavelet -> Time Domain Features => LDA,0.296,0.3103448275862069,0.3359605911330049,0.3103448275862069,0.31925112494462704,0.4891472868217054,0.08082408874801905,0.08170213267636439,0:00:00.212584,BCICIV_II,A01T
Wavelet -> Time Domain Features => LDA,0.296,0.3103448275862069,0.3359605911330049,0.3103448275862069,0.31925112494462704,0.4891472868217054,0.08082408874801905,0.08170213267636439,0:00:00.219799,BCICIV_II,A01T
PSD -> Time Domain Features -> STD_Scaler => KNN,0.296,0.27586206896551724,0.28160919540229884,0.27586206896551724,0.2729442970822281,0.30620155038759694,0.03601108033240996,0.036578978394798865,0:00:00.008039,BCICIV_II,A01T
PSD -> Time Domain Features -> STD_Scaler => KNN,0.296,0.27586206896551724,0.28160919540229884,0.27586206896551724,0.2729442970822281,0.30620155038759694,0.03601108033240996,0.036578978394798865,0:00:00.007611,BCICIV_II,A01T
bandpass -> PSD => KNN,0.295,0.31597975415762836,0.3196277402489465,0.31597975415762836,0.31491524709716123,0.4484840912876895,0.08815559477113255,0.08865422571454724,0:00:01.625123,eeg-mi,all
 => XGB,0.292,0.2777777777777778,0.2742063492063492,0.2777777777777778,0.2744883040935673,0.5432098765432098,0.03703703703703709,0.037151880838356854,0:00:06.941046,eeg-mi,S004
Wavelet => SVM,0.292,0.3611111111111111,0.42424242424242425,0.3611111111111111,0.2712121212121212,0.35390946502057613,0.14814814814814814,0.18887686585995425,0:00:00.041666,eeg-mi,S001
Wavelet => SVM,0.292,0.3611111111111111,0.42424242424242425,0.3611111111111111,0.2712121212121212,0.35390946502057613,0.14814814814814814,0.18887686585995425,0:00:00.041666,eeg-mi,S001
bandpass -> PSD => SVM,0.292,0.3888888888888889,0.19523809523809524,0.3888888888888889,0.25833333333333336,0.4444444444444444,0.18518518518518523,0.23002185311411807,0:00:00.071964,eeg-mi,S003
Wavelet => XGB,0.292,0.2222222222222222,0.2152777777777778,0.2222222222222222,0.21386800334168754,0.6399176954732511,-0.03703703703703698,-0.03754255278891389,0:00:02.643738,eeg-mi,S001
Wavelet => XGB,0.292,0.2222222222222222,0.2152777777777778,0.2222222222222222,0.21386800334168754,0.6399176954732511,-0.03703703703703698,-0.03754255278891389,0:00:02.643738,eeg-mi,S001
Wavelet -> Time Domain Features => XGB,0.291,0.3620689655172414,0.3551724137931035,0.3620689655172414,0.3541666666666667,0.3914728682170542,0.14908802537668508,0.15004296244399246,0:00:00.893247,BCICIV_II,A02T
PSD -> Time Domain Features -> STD_Scaler => KNN,0.291,0.3611111111111111,0.34702380952380957,0.3611111111111111,0.3493107769423559,0.39094650205761317,0.14814814814814814,0.1495392410912118,0:00:00.007707,eeg-mi,S002
bandpass -> PSD => SVM,0.291,0.25,0.06428571428571428,0.25,0.10227272727272727,0.5555555555555556,0.0,0.0,0:00:00.068458,eeg-mi,S002
Wavelet -> Time Domain Features => KNN,0.29,0.27129337539432175,0.2640961747475015,0.27129337539432175,0.2605193384065432,0.5216391804097951,0.016678080812149942,0.01697994859313996,0:00:00.025926,BCICIV_II,all
bandpass -> PSD => XGB,0.287,0.28199566160520606,0.28169474937370814,0.28199566160520606,0.28162897177574997,0.46774529401965687,0.04262634501364626,0.04264802481103787,0:11:36.992720,eeg-mi,all
Wavelet -> Time Domain Features => SVM,0.287,0.25862068965517243,0.26159177198730954,0.25862068965517243,0.25872153430551653,0.5813953488372093,0.011494252873563204,0.011535460155928627,0:00:00.023586,BCICIV_II,A06T
Wavelet -> Time Domain Features => SVM,0.287,0.2413793103448276,0.2657041234627442,0.2413793103448276,0.24508633129322785,0.4782945736434108,-0.011093502377178988,-0.01132917853451775,0:00:00.019873,BCICIV_II,A01T
Wavelet -> Time Domain Features => SVM,0.287,0.2413793103448276,0.2657041234627442,0.2413793103448276,0.24508633129322785,0.4782945736434108,-0.011093502377178988,-0.01132917853451775,0:00:00.022906,BCICIV_II,A01T
 => KNN,0.286,0.3611111111111111,0.39479166666666665,0.3611111111111111,0.35714285714285715,0.4053497942386831,0.14814814814814814,0.1541314241705833,0:00:00.046641,eeg-mi,S001
Wavelet => XGB,0.285,0.2777777777777778,0.28068181818181814,0.2777777777777778,0.26346153846153847,0.47736625514403286,0.03703703703703709,0.03853285604264582,0:00:02.803422,eeg-mi,S003
Wavelet => XGB,0.285,0.2777777777777778,0.28068181818181814,0.2777777777777778,0.26346153846153847,0.47736625514403286,0.03703703703703709,0.03853285604264582,0:00:02.803422,eeg-mi,S003
Wavelet -> Time Domain Features => KNN,0.285,0.25,0.20277777777777778,0.25,0.21164021164021163,0.35390946502057613,0.0,0.0,0:00:00.010330,eeg-mi,S001
bandpass -> PSD => KNN,0.284,0.277602523659306,0.27635231475537625,0.277602523659306,0.269774620932008,0.5117691154422789,0.025989534415671534,0.026364469959563232,0:00:00.143551,BCICIV_II,all
Wavelet -> Time Domain Features => KNN,0.283,0.28054953000723065,0.28043514292244476,0.28054953000723065,0.280079017292414,0.45100505302904104,0.04060379663172331,0.04064465606588696,0:00:00.322547,eeg-mi,all
bandpass -> PSD => LDA,0.282,0.24605678233438485,0.24677874424487803,0.24605678233438485,0.2463585779561713,0.4935032483758121,-0.008626772282499973,-0.00862826778921653,0:00:12.312621,BCICIV_II,all
Wavelet => SVM,0.279,0.3611111111111111,0.3601973684210526,0.3611111111111111,0.32920168067226885,0.6316872427983539,0.14814814814814814,0.16070868073806155,0:00:00.034227,eeg-mi,S004
Wavelet => SVM,0.279,0.3611111111111111,0.3601973684210526,0.3611111111111111,0.32920168067226885,0.6316872427983539,0.14814814814814814,0.16070868073806155,0:00:00.034227,eeg-mi,S004
PSD -> Time Domain Features -> STD_Scaler => KNN,0.278,0.3103448275862069,0.30929989550679204,0.3103448275862069,0.293337720061858,0.5527131782945736,0.08082408874801905,0.08333633714817916,0:00:00.007414,BCICIV_II,A09T
bandpass -> PSD => LDA,0.278,0.3103448275862069,0.29454022988505746,0.3103448275862069,0.28325771324863885,0.5,0.0840900118436636,0.08734441932566896,0:00:02.449636,BCICIV_II,A05T
Wavelet -> Time Domain Features => KNN,0.278,0.27586206896551724,0.2723123732251521,0.27586206896551724,0.249692118226601,0.424031007751938,0.03677342823250285,0.03942826378063087,0:00:00.008762,BCICIV_II,A06T
Wavelet => LDA,0.278,0.2777777777777778,0.23376623376623376,0.2777777777777778,0.2494565217391304,0.5349794238683128,0.03703703703703709,0.03819409908559021,0:00:02.175804,eeg-mi,S004
Wavelet => LDA,0.278,0.2777777777777778,0.23376623376623376,0.2777777777777778,0.2494565217391304,0.5349794238683128,0.03703703703703709,0.03819409908559021,0:00:02.175804,eeg-mi,S004
Wavelet -> Time Domain Features => SVM,0.278,0.25,0.25,0.25,0.24789915966386555,0.5740740740740741,0.0,0.0,0:00:00.019696,eeg-mi,S002
bandpass -> PSD => LDA,0.278,0.19444444444444445,0.20436507936507936,0.19444444444444445,0.1948671497584541,0.6790123456790123,-0.07407407407407418,-0.0755659115938104,0:00:05.152442,eeg-mi,S004
PSD -> Time Domain Features -> STD_Scaler => XGB,0.274,0.39655172413793105,0.3978598030322168,0.39655172413793105,0.38619175633857955,0.4968992248062016,0.1960396039603961,0.19978936698692645,0:00:00.913813,BCICIV_II,A02T
STD_Scaler => SVM,0.273,0.27114967462039047,0.2725200696977267,0.27114967462039047,0.2705451602627102,0.4780887334110723,0.028457094829802965,0.028555687951138137,0:00:19.255832,eeg-mi,all
 => SVM,0.273,0.27129337539432175,0.07360009553284438,0.27129337539432175,0.11578774334447477,0.5,0.0,0.0,0:00:01.024155,BCICIV_II,all
bandpass -> PSD => SVM,0.273,0.27129337539432175,0.07360009553284438,0.27129337539432175,0.11578774334447477,0.5,0.0,0.0,0:00:00.517460,BCICIV_II,all
Wavelet => SVM,0.272,0.27129337539432175,0.07360009553284438,0.27129337539432175,0.11578774334447477,0.5,0.0,0.0,0:00:00.326371,BCICIV_II,all
Wavelet => SVM,0.272,0.27129337539432175,0.07360009553284438,0.27129337539432175,0.11578774334447477,0.5,0.0,0.0,0:00:00.326371,BCICIV_II,all
 => LDA,0.271,0.4444444444444444,0.4848484848484848,0.4444444444444444,0.4403846153846154,0.6069958847736625,0.2592592592592593,0.2644806905783364,0:00:21.262350,eeg-mi,S001
Wavelet => KNN,0.271,0.3055555555555556,0.33245614035087717,0.3055555555555556,0.29404761904761906,0.44855967078189296,0.07407407407407407,0.07977693643100509,0:00:00.023048,eeg-mi,S001
Wavelet => KNN,0.271,0.3055555555555556,0.33245614035087717,0.3055555555555556,0.29404761904761906,0.44855967078189296,0.07407407407407407,0.07977693643100509,0:00:00.023048,eeg-mi,S001
STD_Scaler => LDA,0.271,0.2777777777777778,0.26666666666666666,0.2777777777777778,0.26884859206840633,0.6069958847736625,0.03703703703703709,0.03742405942825599,0:00:20.319863,eeg-mi,S004
 => SVM,0.271,0.3333333333333333,0.17786561264822134,0.3333333333333333,0.22499999999999998,0.4032921810699589,0.11111111111111116,0.13671718540493266,0:00:00.168543,eeg-mi,S001
 => LDA,0.271,0.2222222222222222,0.20416666666666666,0.2222222222222222,0.21002506265664161,0.5164609053497943,-0.03703703703703698,-0.03742405942825599,0:00:20.367260,eeg-mi,S003
PSD -> Time Domain Features -> STD_Scaler => KNN,0.27,0.3448275862068966,0.3339211076280042,0.3448275862068966,0.32919245505452405,0.610077519379845,0.12954186413902058,0.13271323426149365,0:00:00.007297,BCICIV_II,A02T
PSD -> Time Domain Features -> STD_Scaler => KNN,0.27,0.3448275862068966,0.3339211076280042,0.3448275862068966,0.32919245505452405,0.610077519379845,0.12954186413902058,0.13271323426149365,0:00:00.007370,BCICIV_II,A02T
bandpass -> PSD => XGB,0.27,0.29310344827586204,0.28749315818281335,0.29310344827586204,0.2885371251156031,0.3806201550387597,0.058590657165478954,0.05889413018399363,0:00:05.942172,BCICIV_II,A01T
bandpass -> PSD => XGB,0.267,0.2618296529968454,0.26023139535232065,0.2618296529968454,0.25960039176098476,0.45547226386806594,0.009784944801163986,0.009824285468010356,0:01:15.568805,BCICIV_II,all
bandpass -> PSD => LDA,0.265,0.3103448275862069,0.306143146913938,0.3103448275862069,0.299142355142077,0.5271317829457365,0.08227848101265833,0.08371149289183921,0:00:02.472550,BCICIV_II,A09T
STD_Scaler => SVM,0.265,0.19444444444444445,0.18655303030303033,0.19444444444444445,0.18774509803921569,0.39300411522633744,-0.07407407407407418,-0.0747696205456059,0:00:00.166095,eeg-mi,S003
Wavelet => XGB,0.264,0.25,0.251984126984127,0.25,0.24830765639589167,0.3847736625514403,0.0,0.0,0:00:02.558477,eeg-mi,S004
Wavelet => XGB,0.264,0.25,0.251984126984127,0.25,0.24830765639589167,0.3847736625514403,0.0,0.0,0:00:02.558477,eeg-mi,S004
Wavelet -> Time Domain Features => SVM,0.264,0.19444444444444445,0.15833333333333333,0.19444444444444445,0.16929824561403511,0.43209876543209874,-0.07407407407407418,-0.07655590023509527,0:00:00.022293,eeg-mi,S001
bandpass -> PSD => LDA,0.261,0.2413793103448276,0.23638975966562173,0.2413793103448276,0.2359697377533287,0.4666666666666666,-0.012296707655692352,-0.012410500747547782,0:00:02.397788,BCICIV_II,A02T
bandpass -> PSD => LDA,0.261,0.2413793103448276,0.23638975966562173,0.2413793103448276,0.2359697377533287,0.4666666666666666,-0.012296707655692352,-0.012410500747547782,0:00:02.463317,BCICIV_II,A02T
bandpass -> PSD => LDA,0.26,0.2812725958062184,0.2831123242259284,0.2812725958062184,0.2808012854193085,0.4648120384252318,0.04136750849358162,0.04149789252151624,0:02:54.338493,eeg-mi,all
Wavelet => LDA,0.26,0.27765726681127983,0.27668476064944947,0.27765726681127983,0.2769716863838997,0.4648175912043978,0.03674894218682356,0.036766507443593416,0:00:46.388457,eeg-mi,all
Wavelet => LDA,0.26,0.27765726681127983,0.27668476064944947,0.27765726681127983,0.2769716863838997,0.4648175912043978,0.03674894218682356,0.036766507443593416,0:00:46.388457,eeg-mi,all
 => SVM,0.26,0.25813449023861174,0.1276650656918703,0.25813449023861174,0.15863239023962963,0.4788355822088955,0.008695652173912993,0.012572307614486833,0:00:20.102387,eeg-mi,all
 => SVM,0.258,0.25,0.21160130718954248,0.25,0.2223479135243841,0.6131687242798354,0.0,0.0,0:00:00.133169,eeg-mi,S004
STD_Scaler => KNN,0.257,0.3333333333333333,0.3570616883116883,0.3333333333333333,0.34218266253869967,0.1049382716049383,0.11111111111111116,0.11168711865749101,0:00:00.045453,eeg-mi,S001
Wavelet -> Time Domain Features => KNN,0.257,0.3055555555555556,0.30430194805194805,0.3055555555555556,0.302109133126935,0.5720164609053497,0.07407407407407407,0.074458079104994,0:00:00.007812,eeg-mi,S003
bandpass -> PSD => SVM,0.257,0.25862068965517243,0.1327586206896552,0.25862068965517243,0.15378197997775303,0.43643410852713177,0.022727272727272707,0.03727518743349904,0:00:00.071747,BCICIV_II,A01T
bandpass -> PSD => SVM,0.257,0.25862068965517243,0.1327586206896552,0.25862068965517243,0.15378197997775303,0.43643410852713177,0.022727272727272707,0.03727518743349904,0:00:00.086843,BCICIV_II,A01T
Wavelet => SVM,0.255,0.2545191612436732,0.127064841099897,0.2545191612436732,0.16468075348215494,0.5042853573213393,0.0038647342995169476,0.005040469945620029,0:00:07.073534,eeg-mi,all
Wavelet => SVM,0.255,0.2545191612436732,0.127064841099897,0.2545191612436732,0.16468075348215494,0.5042853573213393,0.0038647342995169476,0.005040469945620029,0:00:07.073534,eeg-mi,all
STD_Scaler => LDA,0.254,0.25162689804772237,0.25248097661279395,0.25162689804772237,0.2517351058140098,0.47652840246543393,0.002306383014314961,0.0023085189019095725,0:07:31.101003,eeg-mi,all
bandpass -> PSD => XGB,0.252,0.20689655172413793,0.21669691470054445,0.20689655172413793,0.2094320486815416,0.45968992248062013,-0.059571088165210506,-0.05995395386046467,0:00:05.361738,BCICIV_II,A02T
bandpass -> PSD => KNN,0.252,0.1896551724137931,0.17442935920703617,0.1896551724137931,0.17905657560829974,0.42015503875968996,-0.07789640173981804,-0.07880305131322142,0:00:00.024758,BCICIV_II,A02T
bandpass -> PSD => KNN,0.252,0.1896551724137931,0.17442935920703617,0.1896551724137931,0.17905657560829974,0.42015503875968996,-0.07789640173981804,-0.07880305131322142,0:00:00.031794,BCICIV_II,A02T
bandpass -> PSD => SVM,0.252,0.25862068965517243,0.141901776384535,0.25862068965517243,0.126348590410677,0.46511627906976744,0.022727272727272707,0.06357677330489314,0:00:00.070413,BCICIV_II,A02T
bandpass -> PSD => SVM,0.252,0.25862068965517243,0.141901776384535,0.25862068965517243,0.126348590410677,0.46511627906976744,0.022727272727272707,0.06357677330489314,0:00:00.094025,BCICIV_II,A02T
bandpass -> PSD => SVM,0.252,0.25162689804772237,0.06331609582111886,0.25162689804772237,0.10117407339180519,0.5,0.0,0.0,0:00:10.672897,eeg-mi,all
STD_Scaler => LDA,0.25,0.4722222222222222,0.4708333333333333,0.4722222222222222,0.46240601503759393,0.49588477366255146,0.2962962962962963,0.30034042231131114,0:00:20.752557,eeg-mi,S002
 => LDA,0.25,0.3055555555555556,0.303030303030303,0.3055555555555556,0.3009803921568628,0.4691358024691358,0.07407407407407407,0.0747696205456059,0:00:20.432009,eeg-mi,S002
Wavelet => SVM,0.25,0.3333333333333333,0.32,0.3333333333333333,0.27794117647058825,0.5493827160493827,0.11111111111111116,0.13889782036305579,0:00:00.053912,eeg-mi,S003
Wavelet => SVM,0.25,0.3333333333333333,0.32,0.3333333333333333,0.27794117647058825,0.5493827160493827,0.11111111111111116,0.13889782036305579,0:00:00.053912,eeg-mi,S003
PSD -> Time Domain Features -> STD_Scaler => KNN,0.248,0.22413793103448276,0.2218995765275257,0.22413793103448276,0.2081865414042205,0.42790697674418604,-0.032436708860759556,-0.03403209239309727,0:00:00.007907,BCICIV_II,A06T
 => LDA,0.245,0.25524222704266086,0.2546141178354631,0.25524222704266086,0.25455584317133384,0.5036689988339164,0.007090863847468043,0.007098253750773239,0:08:37.630727,eeg-mi,all
bandpass -> PSD => KNN,0.243,0.3275862068965517,0.3337870538415003,0.3275862068965517,0.30936312029743646,0.5465116279069767,0.10415841584158414,0.10886832223124648,0:00:00.027530,BCICIV_II,A01T
bandpass -> PSD => KNN,0.243,0.3275862068965517,0.3337870538415003,0.3275862068965517,0.30936312029743646,0.5465116279069767,0.10415841584158414,0.10886832223124648,0:00:00.035077,BCICIV_II,A01T
Wavelet -> Time Domain Features => SVM,0.243,0.3103448275862069,0.3073923203233548,0.3103448275862069,0.30782232036691015,0.5348837209302326,0.08118811881188115,0.08134923196940186,0:00:00.017573,BCICIV_II,A02T
Wavelet -> Time Domain Features => SVM,0.243,0.3103448275862069,0.3073923203233548,0.3103448275862069,0.30782232036691015,0.5348837209302326,0.08118811881188115,0.08134923196940186,0:00:00.021011,BCICIV_II,A02T
bandpass -> PSD => SVM,0.243,0.25,0.0625,0.25,0.1,0.5,0.0,0.0,0:00:00.065907,eeg-mi,S001
 => SVM,0.236,0.3055555555555556,0.33981481481481474,0.3055555555555556,0.2498196248196248,0.5123456790123456,0.07407407407407407,0.09993755853278152,0:00:00.125161,eeg-mi,S003
Wavelet => SVM,0.236,0.25,0.15476190476190477,0.25,0.14977477477477477,0.46502057613168724,0.0,0.0,0:00:00.037367,eeg-mi,S002
Wavelet => SVM,0.236,0.25,0.15476190476190477,0.25,0.14977477477477477,0.46502057613168724,0.0,0.0,0:00:00.037367,eeg-mi,S002
Wavelet => LDA,0.236,0.1388888888888889,0.11458333333333333,0.1388888888888889,0.12464985994397759,0.6234567901234568,-0.14814814814814814,-0.14907119849998599,0:00:02.086541,eeg-mi,S003
Wavelet => LDA,0.236,0.1388888888888889,0.11458333333333333,0.1388888888888889,0.12464985994397759,0.6234567901234568,-0.14814814814814814,-0.14907119849998599,0:00:02.086541,eeg-mi,S003
bandpass -> PSD => SVM,0.235,0.22413793103448276,0.06403940886699508,0.22413793103448276,0.09961685823754789,0.7100775193798451,-0.022727272727272707,-0.03888849712868671,0:00:00.082392,BCICIV_II,A09T
Wavelet -> Time Domain Features => KNN,0.23,0.20689655172413793,0.20888708147835935,0.20689655172413793,0.2065338882282996,0.4,-0.05831019436731433,-0.0585195719765177,0:00:00.007507,BCICIV_II,A02T
Wavelet -> Time Domain Features => KNN,0.23,0.20689655172413793,0.20888708147835935,0.20689655172413793,0.2065338882282996,0.4,-0.05831019436731433,-0.0585195719765177,0:00:00.007960,BCICIV_II,A02T
bandpass -> PSD => SVM,0.23,0.2413793103448276,0.1361626878868258,0.2413793103448276,0.1360501567398119,0.52015503875969,0.0,0.0,0:00:00.083118,BCICIV_II,A06T
bandpass -> PSD => SVM,0.23,0.2413793103448276,0.10748210800260248,0.2413793103448276,0.11907793157623858,0.4682170542635659,0.0,0.0,0:00:00.084613,BCICIV_II,A05T
 => SVM,0.229,0.2777777777777778,0.1911764705882353,0.2777777777777778,0.15010570824524314,0.46296296296296297,0.03703703703703709,0.09901475429766743,0:00:00.145298,eeg-mi,S002
bandpass -> PSD => LDA,0.226,0.3620689655172414,0.3630387307792026,0.3620689655172414,0.3587560103612422,0.29844961240310075,0.15043547110055422,0.15151751219572163,0:00:02.459795,BCICIV_II,A06T
bandpass -> PSD => KNN,0.226,0.3620689655172414,0.35243496672716274,0.3620689655172414,0.3530309035659809,0.537984496124031,0.15110759493670867,0.15243726503618382,0:00:00.031918,BCICIV_II,A06T
bandpass -> PSD => SVM,0.222,0.2222222222222222,0.10952380952380952,0.2222222222222222,0.14583333333333331,0.5185185185185185,-0.03703703703703698,-0.046004370622823615,0:00:00.065677,eeg-mi,S004
